content_id,genre_id
1,35
1,53
1,18
2,18
2,10749
3,53
3,9648
4,53
4,18
4,10749
5,80
5,18
5,53
6,35
6,80
6,53
7,28
7,9648
7,53
7,878
8,53
8,28
8,18
9,53
9,18
9,10749
10,28
10,878
10,18
11,27
11,9648
12,878
12,12
12,18
13,53
13,27
14,28
14,53
14,27
14,80
15,18
15,36
15,80
16,18
17,53
17,9648
17,10749
18,10749
18,18
19,10749
19,18
19,35
20,9648
20,27
20,53
21,27
21,28
21,53
21,12
22,10749
22,18
23,27
23,18
23,878
24,18
25,9648
25,18
25,53
26,28
26,12
26,14
27,28
27,12
27,18
27,14
27,53
28,10749
28,18
28,35
29,28
29,12
29,53
30,28
30,27
30,878
31,28
31,80
31,53
32,35
32,10402
33,35
33,28
34,28
34,53
35,18
36,28
36,18
36,36
37,53
37,9648
37,80
38,80
38,53
38,28
39,28
39,12
39,14
39,53
40,28
40,14
40,27
40,53
41,878
41,28
41,14
41,12
42,18
42,53
43,28
43,53
43,80
44,80
44,18
44,9648
45,10749
45,18
45,35
46,28
46,18
46,53
47,28
47,80
47,53
48,80
48,18
48,28
49,28
49,12
49,53
50,18
50,14
50,878
51,10749
51,18
52,18
52,10752
53,18
53,53
53,28
53,10752
53,36
53,80
54,27
54,9648
55,18
55,28
55,36
56,28
56,35
56,80
56,18
57,18
57,53
57,9648
58,53
58,28
58,27
58,878
58,12
59,18
59,10749
60,18
60,10749
61,18
62,28
62,878
62,53
63,53
63,35
63,36
64,53
64,80
64,18
64,28
65,53
65,9648
65,878
66,28
66,53
66,80
67,53
67,28
68,35
68,18
69,18
69,53
69,80
70,27
70,53
71,28
71,80
71,53
72,27
72,53
73,10752
73,28
73,18
73,36
74,18
75,53
75,18
76,28
76,9648
76,18
77,18
77,10749
77,80
78,28
78,12
78,35
78,14
79,10749
79,35
80,28
80,35
80,80
81,16
81,14
81,28
82,28
82,18
82,53
83,35
83,10749
84,18
84,14
84,53
85,53
85,80
85,9648
86,28
86,36
86,27
87,18
87,36
87,53
88,10749
88,35
89,80
89,28
89,35
89,18
89,53
90,28
90,18
90,53
90,80
91,10752
91,28
91,53
91,18
91,36
92,18
92,35
92,10749
93,80
93,28
93,53
93,35
94,18
95,28
95,53
96,28
96,80
96,53
97,28
97,80
97,9648
98,10749
98,18
99,99
99,10402
100,18
100,27
100,53
101,35
101,10749
102,80
102,18
103,16
103,10749
103,878
103,18
104,53
104,80
104,9648
105,10752
105,36
105,28
106,10749
106,18
107,80
107,53
108,10402
108,99
109,35
109,18
110,80
110,28
110,53
111,10749
112,28
112,12
112,35
112,14
113,80
113,53
113,28
114,28
114,14
114,12
114,878
115,28
115,18
115,36
116,10752
116,28
116,36
116,18
117,28
117,12
117,35
117,37
118,28
118,80
118,35
119,80
119,28
119,18
120,28
120,53
120,18
121,28
121,53
121,18
121,36
122,14
122,35
122,28
123,18
123,10749
124,80
124,28
124,53
125,28
125,80
126,80
126,28
126,53
127,878
127,28
127,12
127,18
128,28
128,18
128,53
129,80
129,18
130,36
130,18
130,10752
130,28
131,10749
131,18
132,10749
132,14
133,14
133,9648
133,28
134,28
134,80
135,28
135,53
135,80
136,28
136,80
136,35
136,53
137,28
137,35
138,80
138,28
139,18
139,12
139,878
140,18
140,53
141,10749
141,18
141,14
142,10749
142,18
143,80
143,9648
143,53
144,35
144,28
144,80
144,53
145,28
145,80
145,35
146,27
146,9648
146,53
147,27
147,9648
147,53
147,80
148,18
148,10749
148,35
149,80
149,35
150,53
150,28
150,80
151,35
151,18
151,10751
152,28
152,80
153,35
153,28
153,53
154,28
154,36
154,12
154,18
155,14
155,18
156,80
156,18
157,53
157,18
157,28
158,28
158,53
158,18
159,28
159,35
159,80
160,18
160,35
161,28
161,80
161,53
162,18
162,35
162,10749
163,53
163,28
163,18
164,28
164,53
164,18
165,28
165,35
166,80
166,18
167,18
168,53
168,18
169,28
169,80
169,53
170,18
170,10749
171,18
171,10749
172,80
172,28
173,10749
173,18
174,28
174,80
174,53
175,53
175,80
175,18
176,18
176,10749
176,35
177,9648
177,53
177,27
178,14
178,10749
179,18
179,35
179,10749
180,18
180,10749
180,14
181,28
181,35
181,80
182,10752
182,18
182,36
182,28
183,35
183,18
184,18
184,53
185,27
185,53
186,18
187,9648
187,53
188,80
188,53
189,18
190,80
190,53
190,9648
190,28
191,27
191,53
192,35
192,10749
192,18
193,18
194,9648
194,53
195,35
196,18
196,28
196,80
196,53
197,18
198,28
198,53
198,18
199,35
199,878
199,80
200,27
200,53
200,18
201,10749
201,18
202,18
202,36
202,53
203,80
203,53
203,28
204,16
204,28
204,12
204,35
204,10751
204,878
205,16
205,27
205,878
205,28
205,53
206,80
206,53
206,18
207,35
207,28
207,80
208,28
208,53
208,80
209,10749
209,18
209,36
210,28
210,12
210,18
210,53
211,28
211,18
211,35
212,53
212,9648
212,80
213,80
213,53
214,53
214,18
215,18
215,36
216,28
216,35
217,18
217,28
217,53
218,28
218,80
218,18
218,53
219,28
219,53
219,36
219,10752
220,35
220,18
221,18
221,10749
222,28
222,53
223,28
223,35
224,18
225,18
225,10749
226,9648
226,10749
226,53
227,16
227,10751
227,12
227,18
228,28
228,80
228,53
228,9648
229,878
229,18
230,28
230,80
230,53
231,18
231,28
231,10752
232,35
232,80
232,18
233,12
233,28
233,35
233,14
234,28
234,18
235,28
235,27
235,18
235,14
236,10749
236,35
236,9648
237,18
238,10749
238,18
238,35
239,27
239,9648
240,18
240,53
241,10749
241,35
242,18
243,27
243,9648
244,53
244,9648
244,27
245,18
245,35
245,10749
246,18
246,10749
247,18
247,28
247,80
248,35
249,9648
249,53
250,80
250,28
250,18
251,35
251,28
251,18
252,35
252,10749
253,18
253,36
254,18
255,10749
255,18
256,27
256,53
257,18
257,36
258,28
258,27
258,53
259,16
259,12
260,28
260,53
260,18
261,28
261,53
261,80
262,99
262,10402
263,18
264,28
264,53
265,53
265,9648
265,80
265,10749
266,16
266,18
266,9648
266,12
267,14
267,28
267,35
267,53
269,28
269,18
270,9648
270,53
270,80
270,18
271,28
271,27
271,18
271,14
272,99
273,18
273,36
273,28
274,28
274,35
275,28
275,53
275,80
276,35
276,12
276,80
277,9648
277,53
277,27
278,53
278,9648
279,18
279,10749
280,35
281,27
281,53
281,9648
282,18
282,28
282,35
283,36
283,28
283,10752
284,80
284,18
285,35
285,28
285,14
286,80
286,28
287,80
287,53
288,35
288,18
288,14
289,53
289,18
290,35
291,18
291,53
292,53
292,80
292,9648
293,80
293,28
293,53
293,9648
294,35
294,27
294,18
295,53
295,80
295,18
295,9648
296,80
296,18
297,35
297,18
297,10749
297,10751
298,28
298,80
298,18
299,9648
299,53
300,10749
300,18
301,18
302,10749
302,35
302,10402
303,10749
303,35
304,18
305,36
305,18
306,18
306,35
307,10749
307,18
308,80
308,28
309,53
309,80
309,9648
310,18
311,53
311,9648
312,53
312,18
313,28
313,53
313,10752
314,10752
314,36
315,35
315,10749
316,10402
316,18
316,10749
317,80
317,35
317,28
318,14
318,28
318,35
319,18
319,10752
320,18
320,36
320,53
321,18
321,10749
322,53
322,18
323,14
323,18
324,10749
324,18
325,28
325,53
326,10749
327,53
327,9648
327,36
328,80
328,28
329,18
330,99
331,35
331,10749
332,18
332,36
333,18
334,28
334,18
334,10749
335,18
335,10749
336,27
337,28
337,53
338,53
338,18
338,80
338,9648
339,53
339,35
340,18
340,35
341,28
341,18
341,80
342,10749
342,18
342,28
343,10749
343,18
344,10749
344,35
345,10749
345,18
346,28
346,53
346,18
347,18
347,10749
348,27
348,35
348,14
348,10749
349,80
349,28
349,53
350,10749
350,35
351,80
351,18
351,53
352,18
352,9648
352,53
352,80
353,28
353,80
353,53
354,80
354,53
355,10749
355,18
356,35
356,18
356,10752
357,10749
357,35
358,53
358,28
358,9648
359,18
359,53
360,18
360,53
361,16
361,10751
361,12
361,14
362,80
362,18
363,28
363,35
364,35
365,28
365,80
366,53
366,80
367,18
367,35
368,18
369,35
369,80
370,80
370,18
371,53
371,878
371,28
372,35
372,10749
373,80
373,53
374,28
374,18
375,53
375,28
375,18
376,18
377,18
378,18
378,10749
379,14
379,18
379,35
380,36
380,18
381,18
381,35
382,28
383,27
383,9648
384,18
384,14
385,80
385,28
385,53
386,16
386,10751
386,12
386,14
387,878
387,53
388,18
388,53
388,80
389,28
389,80
390,18
391,35
391,18
392,18
392,35
393,18
393,10749
394,28
394,35
394,10749
395,27
395,14
396,18
397,18
397,35
398,80
399,35
399,10749
399,36
400,53
400,9648
400,80
401,18
401,80
402,35
402,10749
403,28
403,53
403,80
404,18
404,10749
405,18
405,35
406,35
406,18
407,53
407,80
408,18
408,36
409,18
409,35
410,18
410,10402
411,18
412,18
413,80
414,28
415,18
416,28
416,53
417,9648
417,18
418,10749
418,35
419,16
419,10751
419,10402
419,878
420,28
420,12
420,35
420,80
421,18
421,80
422,18
422,53
423,18
423,35
424,35
425,27
425,9648
426,53
427,53
427,9648
427,27
428,28
428,80
428,18
429,18
429,10751
430,35
430,10751
430,16
431,35
431,18
432,10749
432,18
432,36
433,28
433,9648
433,35
434,27
435,18
435,36
436,53
437,10749
437,18
438,18
439,35
439,10749
440,36
440,18
441,35
441,10749
442,18
442,10749
443,18
443,10749
444,35
444,10749
444,36
445,28
445,18
446,18
446,10749
447,18
448,80
448,18
449,18
449,36
450,27
451,27
451,9648
452,18
452,53
453,18
453,28
453,36
453,10749
454,18
454,10752
455,18
455,80
456,18
457,16
458,18
459,12
459,18
460,35
460,10749
461,53
461,9648
462,80
462,18
462,53
463,10749
463,18
463,35
464,18
464,36
465,27
466,16
466,12
466,14
466,10751
467,9648
467,53
468,35
468,18
469,28
469,18
469,10749
470,53
470,18
471,80
471,18
472,53
472,9648
473,28
473,80
473,18
474,28
474,53
475,36
475,18
475,35
476,10749
476,35
476,18
476,10751
477,18
477,10749
478,28
478,35
479,18
479,35
480,18
480,35
480,36
481,18
481,10749
482,99
483,18
483,35
484,35
484,10749
485,18
485,9648
486,18
486,10749
487,878
487,28
487,35
488,35
488,28
488,14
489,35
489,80
489,53
490,35
490,18
491,18
491,9648
491,53
492,35
493,18
494,53
494,9648
495,28
495,36
496,53
496,28
496,18
497,10749
497,18
497,36
497,10402
498,10749
498,35
499,28
499,18
499,36
500,18
501,16
501,10751
501,14
501,12
502,18
502,36
503,9648
503,28
503,36
503,35
503,80
504,18
505,53
505,80
505,14
506,18
507,12
507,28
507,35
508,35
509,28
509,18
510,27
510,14
510,9648
511,80
511,53
511,18
512,10749
512,35
513,35
514,18
514,53
514,80
514,9648
515,10749
516,18
517,36
517,35
518,18
518,10402
519,18
519,35
520,18
520,80
521,27
521,35
522,36
522,18
523,10749
523,35
524,27
524,9648
525,18
525,14
525,10749
526,35
526,10749
527,10402
527,18
527,10749
528,35
528,10749
529,28
529,18
529,80
530,36
530,18
531,35
531,80
531,28
531,9648
532,16
533,35
533,18
534,35
534,10749
535,28
535,80
535,53
536,10749
536,35
537,35
537,18
537,10749
538,28
538,35
539,18
539,35
539,10751
540,10749
540,35
541,18
542,35
542,80
543,18
544,18
545,53
545,28
546,80
546,12
546,53
546,28
547,80
547,18
548,53
548,28
549,28
549,14
550,28
550,80
550,18
551,28
551,80
552,18
552,35
552,53
553,27
553,53
554,10749
554,18
555,18
555,53
556,35
556,18
556,53
557,27
557,18
557,9648
558,28
558,80
558,53
559,35
559,18
560,18
561,16
561,10751
561,14
561,12
561,878
562,28
562,18
562,10749
563,18
563,9648
563,27
564,35
564,18
565,53
565,80
565,18
566,28
566,35
567,28
567,80
567,53
568,18
568,35
569,18
570,28
570,12
570,36
571,28
571,18
572,53
572,9648
573,18
574,18
574,35
574,10402
575,35
576,18
576,9648
577,18
577,35
578,35
578,18
579,27
579,53
580,18
580,10749
581,36
581,18
582,18
582,35
583,80
583,18
583,35
584,18
584,80
585,18
585,80
586,80
586,35
586,28
587,53
587,80
587,28
588,16
588,18
588,10751
589,9648
589,53
590,35
590,10749
591,18
591,14
592,18
593,18
593,10749
594,35
594,18
595,18
596,35
596,80
597,35
597,10749
597,18
598,18
599,35
599,80
599,28
600,16
601,28
601,35
601,80
602,18
603,80
604,18
604,36
604,28
605,16
605,28
605,878
606,18
607,35
607,18
608,80
608,35
608,28
609,18
609,10749
610,28
610,53
611,28
611,53
611,80
612,35
612,9648
612,18
613,18
613,53
614,18
615,18
616,16
616,10751
616,12
616,14
617,80
617,28
617,18
617,9648
618,28
618,35
618,80
619,53
619,35
620,28
620,80
620,18
621,18
622,28
622,18
623,18
624,18
624,80
625,28
625,80
626,18
627,18
627,10749
627,35
628,18
628,28
629,9648
629,53
629,28
630,35
631,35
631,80
631,28
631,10749
632,18
633,35
634,9648
634,53
635,18
635,28
636,18
636,14
636,35
637,16
637,10751
637,12
637,14
638,18
638,53
639,28
639,35
640,9648
640,80
640,53
641,16
642,10749
642,18
643,18
643,14
643,9648
644,9648
644,18
644,53
645,878
645,10749
646,53
646,9648
647,35
647,18
647,10749
648,28
649,18
649,10749
649,36
650,35
650,10749
651,18
652,16
653,35
653,18
654,35
654,28
655,35
656,35
657,18
658,28
658,35
659,10751
659,18
660,35
661,53
661,18
662,53
662,9648
662,28
663,28
664,35
664,18
665,18
665,10749
666,16
666,12
666,10751
666,14
666,878
667,10749
668,53
668,80
669,53
669,18
670,14
670,18
670,35
671,35
671,10749
672,18
673,35
673,18
673,28
673,80
674,80
674,35
675,18
675,10749
676,16
676,10751
676,12
676,10402
676,878
677,18
678,28
678,35
678,80
678,53
679,35
680,18
680,35
681,35
681,28
681,80
682,16
682,10749
682,18
683,53
683,18
684,27
684,53
684,9648
685,18
686,28
686,35
687,99
687,16
688,35
688,28
689,35
689,10749
690,53
691,80
691,35
691,18
692,16
692,10751
693,28
693,80
694,35
694,10402
695,53
695,35
695,80
696,27
697,18
697,80
698,10402
698,35
699,80
699,28
700,35
701,10749
701,18
702,18
702,10749
702,35
703,28
703,80
703,53
704,18
705,35
706,28
706,80
707,9648
707,53
708,18
708,10749
709,16
709,10751
709,12
709,14
709,878
710,18
711,28
711,80
711,18
712,16
712,10751
712,10402
713,35
713,80
714,28
714,35
715,35
715,18
715,10749
716,12
716,14
716,35
716,9648
717,35
717,28
717,80
718,35
718,28
719,18
719,80
720,18
721,18
722,80
722,53
723,35
723,18
724,18
725,16
726,18
727,16
727,10751
727,14
727,35
727,12
728,99
729,18
729,35
730,16
730,12
730,10751
730,878
731,18
732,28
732,80
733,27
734,80
734,18
734,9648
735,16
735,18
735,53
736,18
737,10752
737,10749
737,18
738,18
738,10749
739,27
740,18
741,18
741,28
742,16
742,12
742,10751
743,18
744,10749
744,18
745,18
745,35
746,36
746,18
747,18
747,10749
748,18
748,35
749,16
750,18
751,10749
751,14
752,28
752,80
753,18
754,28
754,12
754,35
754,37
755,35
756,35
757,18
757,36
758,36
758,10752
758,35
759,35
759,10751
759,18
760,18
760,878
760,10749
761,80
761,28
762,12
762,18
763,18
763,35
764,18
764,35
765,53
766,18
766,10749
767,53
767,35
767,80
767,18
768,18
768,80
768,35
769,18
770,53
770,80
770,18
771,28
771,35
771,80
771,18
772,18
772,10749
773,35
773,18
774,80
774,18
775,28
775,35
775,53
776,10749
776,18
777,53
777,9648
777,80
778,35
778,10749
779,9648
780,18
781,35
781,27
781,9648
781,53
782,18
783,35
784,18
785,18
785,10751
786,53
786,80
787,18
788,18
789,99
790,16
790,27
790,14
790,12
791,18
791,35
792,99
793,18
794,27
794,35
795,10749
796,28
796,53
796,80
797,10749
797,35
798,80
798,53
799,53
799,9648
799,27
800,99
801,16
802,35
802,18
803,10749
803,18
804,99
805,35
806,18
807,35
808,16
808,12
808,10751
808,14
809,18
810,99
811,99
812,99
813,35
814,35
815,99
816,36
816,99
817,18
818,99
819,18
820,35
820,878
820,14
821,99
822,35
822,18
822,28
823,35
823,18
824,53
824,80
825,18
826,18
827,28
828,10749
828,18
829,28
829,18
830,10751
830,14
832,35
833,28
833,18
834,35
834,18
835,16
835,10770
836,16
836,12
836,878
836,10751
837,18
838,99
838,10402
839,16
839,18
839,10749
840,16
840,10751
840,10402
841,16
842,18
843,16
843,12
843,28
843,53
843,14
844,18
845,99
845,10402
846,16
847,99
847,12
848,16
849,18
849,10749
849,10751
850,10749
851,53
852,18
852,10751
853,99
854,16
854,28
854,14
854,12
855,16
855,10751
856,80
857,18
857,10749
858,10402
858,99
858,10770
859,18
859,53
860,18
861,18
862,16
862,878
862,14
862,10751
862,28
863,10402
863,99
864,16
865,99
866,16
866,14
866,12
866,10751
867,18
868,16
868,10751
868,12
868,878
868,14
869,18
869,10402
869,10749
870,99
871,99
873,16
873,18
873,10749
874,16
875,16
875,35
877,18
878,18
878,35
879,35
879,10764
880,10764
881,10759
881,18
881,35
882,35
882,10765
882,18
883,16
883,10762
884,10759
884,18
885,10764
885,10751
886,10759
886,9648
886,18
887,10759
887,80
887,18
888,18
888,10759
888,80
889,16
889,10759
889,10765
890,10764
890,10767
891,10759
891,80
891,18
892,18
893,18
893,35
893,80
894,16
894,10762
895,10751
895,10764
896,18
896,10765
896,35
897,10759
897,18
897,10765
898,10764
898,35
898,10767
899,10759
899,35
899,10765
899,18
900,35
900,18
902,10765
902,10759
903,18
904,18
904,35
905,18
906,9648
906,10759
906,10765
906,18
907,18
907,10765
907,10759
907,9648
908,10765
908,80
909,35
909,10767
910,18
911,10764
912,18
912,9648
912,10759
913,16
913,10762
913,10751
913,10759
913,35
914,16
914,10762
915,18
915,35
916,18
916,35
917,10759
917,35
917,18
917,80
918,9648
918,18
919,35
919,18
920,18
920,35
921,10765
921,18
922,10767
922,10764
923,10764
924,18
925,99
926,18
926,35
927,16
927,10759
927,10765
927,10751
927,10762
927,35
928,35
928,18
929,9648
929,18
930,10762
930,16
930,10765
930,10759
931,35
932,18
932,9648
933,80
933,18
933,9648
934,18
935,18
935,35
936,18
936,35
936,10765
937,35
937,18
938,10759
938,18
938,80
939,18
939,10759
939,80
940,35
940,18
941,80
941,35
941,10759
941,18
942,10767
942,9648
942,80
943,80
943,35
943,9648
943,18
944,18
944,9648
945,99
946,35
946,18
947,18
947,10765
947,35
947,9648
948,18
948,9648
949,35
949,10765
949,18
950,10759
950,80
950,18
950,9648
951,18
951,35
952,18
952,35
953,35
953,18
954,10759
954,18
955,18
955,9648
955,10765
956,35
956,18
957,16
957,10762
957,35
957,10751
958,18
958,10765
959,10765
959,35
959,18
960,80
960,18
960,9648
961,18
961,10751
962,18
963,18
963,35
964,35
964,18
965,18
965,35
966,10765
966,9648
966,10759
966,18
967,18
967,9648
967,10759
968,35
968,18
968,10765
968,80
969,18
969,10759
970,10751
970,35
971,80
971,18
971,9648
971,10759
972,18
972,9648
972,10765
973,35
973,10759
973,18
974,18
975,10765
975,18
976,9648
976,18
977,10765
977,18
978,18
978,35
979,80
979,35
979,18
980,80
980,9648
980,18
981,18
982,80
982,10764
983,10764
984,18
984,35
985,10764
986,10759
986,18
987,35
987,18
988,18
988,10765
988,9648
989,18
990,18
990,10765
990,10768
991,18
991,9648
991,80
992,16
992,10762
993,35
993,18
994,18
994,35
995,99
995,10767
996,18
996,9648
997,18
997,35
997,10765
998,35
998,10764
999,18
999,35
999,10765
1000,18
1000,80
1000,9648
1001,18
1002,18
1003,18
1003,80
1004,80
1004,35
1004,18
1005,35
1005,18
1006,18
1006,10765
1006,9648
1006,35
1007,18
1007,9648
1007,80
1008,18
1008,10765
1008,10759
1009,18
1010,10765
1010,18
1010,35
1010,9648
1011,16
1011,9648
1011,10765
1011,10759
1012,10765
1012,18
1012,35
1013,10764
1013,35
1013,10767
1014,18
1015,35
1015,10767
1016,18
1016,35
1017,18
1018,35
1018,18
1019,35
1019,18
1020,16
1020,10762
1020,35
1021,10765
1021,10759
1021,18
1022,10765
1022,35
1022,18
1023,9648
1023,80
1023,18
1024,18
1025,18
1025,35
1026,10764
1027,10764
1028,18
1028,10765
1028,35
1029,18
1029,80
1030,35
1030,9648
1031,35
1031,18
1032,9648
1032,18
1033,35
1033,18
1034,18
1034,35
1035,18
1035,9648
1036,18
1037,10764
1038,18
1038,9648
1039,35
1039,80
1039,18
1040,18
1041,18
1042,18
1043,35
1043,18
1043,10765
1044,18
1044,10765
1044,35
1045,18
1046,18
1047,9648
1047,18
1048,10764
1049,35
1049,10765
1049,18
1050,18
1051,18
1052,35
1052,18
1053,18
1053,80
1053,9648
1054,18
1054,10751
1054,10749
1054,35
1055,18
1055,9648
1056,18
1056,35
1056,9648
1056,80
1057,35
1057,10751
1058,18
1059,10762
1060,18
1060,9648
1060,10759
1061,18
1061,9648
1062,18
1062,35
1063,18
1063,35
1064,35
1064,18
1065,80
1065,18
1065,9648
1066,10765
1066,35
1066,18
1067,18
1067,35
1068,10764
1069,35
1069,18
1069,10751
1070,18
1070,35
1071,18
1071,35
1072,18
1072,80
1072,9648
1072,10768
1073,18
1073,10765
1074,18
1074,35
1075,10764
1076,35
1076,18
1077,9648
1077,18
1077,80
1077,35
1078,16
1078,10759
1078,35
1079,18
1080,80
1080,18
1081,18
1081,10765
1082,18
1082,35
1083,80
1083,9648
1083,10765
1083,18
1084,35
1085,16
1085,10762
1085,10759
1085,35
1085,10765
1086,18
1086,35
1086,9648
1087,18
1087,35
1088,18
1089,16
1089,10762
1089,10759
1089,35
1089,10765
1090,10764
1091,18
1091,35
1091,10765
1092,18
1092,10766
1093,35
1093,18
1094,18
1095,18
1095,35
1095,9648
1096,18
1096,35
1097,18
1098,10764
1098,10767
1098,35
1099,18
1100,35
1100,18
1100,10765
1101,35
1101,18
1102,35
1102,18
1102,16
1103,18
1103,9648
1103,80
1104,18
1105,35
1105,18
1106,10765
1106,35
1106,9648
1107,10759
1107,18
1108,18
1109,18
1109,10759
1110,18
1111,35
1111,18
1111,10765
1112,18
1112,10765
1113,18
1114,18
1114,35
1115,9648
1115,35
1115,18
1116,10764
1117,10764
1118,35
1118,9648
1118,10765
1118,18
1119,10764
1120,35
1121,18
1121,35
1121,10765
1122,18
1123,35
1123,18
1123,9648
1124,35
1125,80
1125,18
1125,9648
1126,35
1126,18
1127,18
1127,10765
1128,80
1128,9648
1128,18
1129,18
1129,80
1130,80
1130,18
1131,10759
1131,35
1131,18
1131,9648
1131,80
1132,18
1132,9648
1133,99
1134,18
1134,35
1135,35
1135,18
1136,10764
1137,18
1138,18
1138,35
1139,18
1139,35
1140,10764
1141,80
1141,18
1141,9648
1142,80
1143,18
1144,35
1144,18
1144,9648
1144,10765
1145,35
1145,9648
1145,10765
1146,18
1147,9648
1147,80
1147,35
1147,18
1148,18
1149,18
1149,10768
1150,18
1150,10768
1150,9648
1151,18
1152,18
1152,35
1153,35
1153,10751
1153,18
1154,18
1154,10759
1154,10765
1155,35
1155,10764
1156,35
1156,18
1157,18
1157,10768
1158,10765
1158,35
1158,18
1159,18
1159,80
1160,10764
1160,80
1161,35
1161,18
1162,18
1163,10764
1164,10764
1165,18
1165,10759
1165,9648
1166,18
1166,35
1167,35
1167,18
1168,10759
1168,18
1169,35
1169,18
1170,35
1170,18
1171,18
1172,10765
1172,18
1172,9648
1172,10759
1173,18
1174,10764
1175,18
1176,10764
1177,35
1177,18
1178,18
1178,80
1178,9648
1179,18
1179,35
1180,18
1180,80
1180,9648
1181,18
1182,18
1182,9648
1183,10759
1183,18
1184,18
1185,9648
1185,10765
1186,18
1186,10751
1187,18
1187,35
1187,80
1188,35
1188,18
1189,18
1190,35
1190,18
1191,18
1192,35
1193,18
1194,35
1194,18
1195,10764
1196,18
1196,35
1197,18
1198,35
1199,18
1199,10765
1199,35
1200,18
1200,35
1201,18
1202,18
1203,35
1203,10765
1203,18
1203,80
1204,18
1205,18
1206,18
1207,10762
1207,16
1208,10765
1208,35
1208,18
1209,35
1209,18
1210,18
1210,10765
1211,18
1212,35
1212,18
1213,16
1213,10759
1213,35
1213,10762
1213,10765
1214,10759
1214,80
1214,9648
1214,10765
1214,18
1215,35
1215,18
1216,35
1216,18
1217,10764
1218,18
1219,35
1220,18
1221,16
1221,10762
1222,18
1222,10768
1223,9648
1223,18
1223,10765
1223,35
1224,18
1225,18
1225,80
1225,9648
1226,35
1226,18
1227,35
1227,10765
1227,9648
1227,18
1228,18
1228,10751
1229,35
1229,18
1230,80
1230,18
1231,18
1231,35
1232,18
1233,9648
1233,18
1234,18
1234,35
1234,10765
1234,9648
1235,35
1235,9648
1235,10765
1235,18
1236,18
1236,80
1237,18
1238,18
1239,18
1239,35
1240,16
1240,10762
1241,35
1241,18
1241,10765
1242,18
1243,10765
1243,18
1244,18
1244,35
1245,18
1245,10751
1246,18
1246,80
1246,10765
1247,18
1247,10759
1248,10767
1248,99
1249,35
1249,18
1250,18
1251,80
1251,10764
1252,18
1253,10762
1253,16
1254,18
1254,35
1254,80
1254,9648
1255,18
1256,18
1256,10751
1256,35
1257,18
1257,10765
1258,10768
1258,18
1259,18
1259,35
1260,35
1260,18
1261,35
1261,10749
1262,18
1262,10765
1263,18
1263,10765
1264,35
1264,18
1265,18
1265,9648
1265,35
1266,10751
1266,18
1267,18
1268,18
1269,18
1270,80
1270,10759
1270,9648
1270,18
1271,9648
1271,18
1272,18
1272,9648
1273,18
1273,10751
1273,35
1273,9648
1274,35
1274,18
1275,18
1275,35
1275,9648
1276,80
1277,18
1278,10759
1278,18
1279,35
1280,18
1280,10768
1281,18
1282,35
1282,18
1282,10765
1283,18
1284,10767
1285,18
1285,80
1285,9648
1286,18
1287,9648
1287,80
1288,18
1289,10764
1289,10767
1290,35
1290,18
1291,18
1291,35
1292,35
1292,18
1293,16
1293,10762
1294,10762
1294,35
1294,16
1295,35
1295,18
1296,18
1296,9648
1297,9648
1297,18
1298,18
1298,10768
1299,10759
1299,9648
1299,10765
1299,18
1300,10759
1300,35
1300,80
1300,9648
1300,18
1301,18
1301,35
1302,10764
1303,18
1303,10765
1303,10759
1304,18
1304,10749
1305,18
1305,35
1306,18
1307,18
1307,10765
1308,18
1308,9648
1309,10765
1310,80
1310,18
1311,16
1311,10759
1312,35
1312,18
1313,10759
1313,18
1314,9648
1314,18
1315,35
1316,18
1317,18
1317,9648
1318,10764
1318,35
1319,10764
1320,18
1321,10749
1321,18
1322,18
1323,18
1323,10759
1324,10764
1324,35
1325,10764
1326,35
1326,18
1326,9648
1327,18
1328,18
1328,80
1328,9648
1329,10764
1329,35
1330,35
1330,18
1331,35
1331,18
1332,18
1333,18
1334,18
1334,35
1334,9648
1334,10765
1335,18
1336,18
1336,80
1337,18
1338,9648
1338,18
1339,18
1339,10759
1339,10751
1340,18
1341,18
1342,10764
1342,10767
1343,18
1343,10751
1344,10759
1344,18
1345,18
1346,18
1346,35
1347,18
1347,80
1347,9648
1348,18
1349,18
1350,10764
1351,35
1351,18
1352,18
1352,9648
1352,35
1353,18
1354,18
1355,18
1355,10751
1356,18
1357,10759
1357,35
1357,18
1358,80
1358,18
1359,9648
1359,18
1359,80
1360,10764
1361,18
1361,35
1362,18
1362,9648
1363,18
1363,36
1364,18
1365,10759
1365,18
1366,35
1366,18
1367,35
1367,80
1367,18
1368,35
1368,18
1369,18
1369,10751
1369,10749
1370,10759
1370,18
1371,99
1372,18
1373,18
1373,10765
1374,18
1375,18
1375,10765
1376,10765
1376,18
1377,18
1377,35
1378,18
1379,18
1379,35
1380,35
1380,18
1381,10762
1381,16
1382,18
1384,18
1385,18
1385,35
1386,18
1386,10765
1387,18
1388,10764
1388,99
1389,18
1390,18
1391,18
1392,18
1392,10749
1393,10759
1393,18
1394,18
1394,10751
1394,10749
1395,18
1395,10749
1396,35
1396,18
1396,10749
1397,10764
1398,10764
1399,18
1400,9648
1400,10751
1401,10764
1402,10764
1403,18
1403,35
1404,18
1405,10764
1406,18
1406,80
1407,16
1407,10762
1407,10759
1407,10765
1408,35
1408,10751
1408,18
1409,18
1410,18
1410,35
1411,18
1412,9648
1412,18
1412,80
1413,18
1413,35
1414,18
1415,18
1415,10749
1416,35
1416,18
1417,18
1417,10749
1418,16
1419,99
1420,18
1420,10765
1420,35
1422,10764
1423,10759
1423,80
1423,18
1423,9648
1424,35
1424,18
1425,18
1426,99
1426,80
1427,18
1427,10749
1428,18
1429,10764
1430,18
1430,35
1431,10764
1432,18
1433,10764
1434,10764
1435,10759
1436,18
1436,80
1436,9648
1437,16
1437,10759
1437,10762
1437,10751
1438,16
1438,10762
1439,18
1440,10764
1441,16
1441,10762
1442,18
1443,10759
1443,10765
1444,18
1445,18
1445,35
1446,18
1447,10764
1447,35
1448,18
1448,9648
1449,18
1450,18
1451,18
1452,18
1452,10751
1453,18
1453,9648
1454,10759
1454,18
1455,18
1456,18
1457,35
1457,18
1457,10751
1458,18
1458,35
1459,35
1459,18
1460,10764
1461,80
1461,18
1462,18
1462,35
1463,10764
1464,18
1464,35
1465,80
1465,9648
1465,18
1466,18
1467,10762
1467,16
1468,18
1468,35
1469,99
1470,18
1471,18
1472,35
1472,18
1473,18
1474,35
1474,18
1475,10764
1476,18
1477,10764
1478,10764
1478,99
1479,35
1479,18
1480,10764
1481,10765
1481,18
1483,99
1483,10768
1484,18
1485,18
1485,35
1486,35
1486,18
1486,10751
1487,18
1488,18
1489,18
1490,10764
1491,80
1491,18
1492,10764
1493,99
1494,18
1495,18
1496,18
1497,18
1498,10764
1499,35
1499,18
1500,18
1501,10767
1502,10768
1502,18
1503,35
1503,18
1504,18
1505,10767
1505,35
1506,18
1507,35
1507,10759
1508,18
1508,10749
1509,10762
1510,18
1511,18
1511,10751
1511,10766
1512,18
1513,10751
1513,18
1514,10764
1515,35
1515,18
1516,18
1517,10762
1518,16
1518,10762
1519,16
1519,10765
1520,18
1521,10764
1521,35
1522,10767
1523,35
1523,18
1524,10764
1525,99
1526,35
1526,10751
1527,10767
1527,10764
1528,10764
1528,10762
1528,10751
1529,18
1530,10751
1530,18
1532,18
1532,99
1533,18
1533,10749
1534,18
1535,18
1535,35
1535,10751
1536,35
1536,18
1537,18
1538,10764
1539,18
1539,10751
1539,10749
1540,16
1540,35
1540,10762
1541,10764
1541,35
1542,18
1543,18
1544,18
1545,18
1546,10759
1546,18
1547,35
1547,18
1548,35
1548,18
1549,35
1549,18
1550,16
1550,10762
1551,18
1552,35
1553,18
1554,99
1555,35
1555,18
1555,10749
1556,18
1557,10764
1558,10764
1559,18
1560,10764
1561,18
1562,10764
1563,18
1564,10764
1565,18
1565,10765
1566,10764
1567,18
1568,99
1569,10764
1570,10764
1571,99
1572,18
1573,18
1574,10767
1575,10764
1576,10764
1576,35
1577,18
1578,18
1578,80
1579,18
1580,10762
1581,18
1582,10764
1583,10764
1584,10764
1585,10764
1586,10767
1587,10764
1588,18
1588,35
1589,18
1589,10749
1589,35
1590,10764
1591,18
1592,10764
1593,16
1593,10762
1594,10764
1595,99
1595,10764
1596,18
1596,10751
1597,10762
1597,16
1597,10765
1598,18
1599,99
1600,18
1601,18
1602,18
1603,10764
1604,10764
1605,10764
1606,10764
1606,10767
1607,18
1607,10765
1608,10764
1609,18
1610,80
1610,10767
1611,10764
1612,10764
1612,10767
1613,16
1613,10762
1613,10765
1613,10759
1614,10767
1614,10764
1615,10764
1616,10764
1616,10751
1617,10764
1618,18
1619,18
1620,18
1621,10764
1622,10764
1622,10767
1623,18
1623,10749
1624,10764
1625,18
1626,18
1627,10764
1629,10767
1630,10764
1631,99
1632,10764
1632,10767
1633,10764
1634,10764
1635,99
1636,18
1637,16
1637,35
1637,10765
1638,10764
1639,10762
1640,18
1641,10764
1642,16
1642,10762
1643,10764
1644,10764
1645,10764
1645,10767
1646,10764
1647,18
1648,10767
1648,35
1649,10764
1650,18
1651,18
1652,16
1652,10762
1653,18
1654,16
1654,10762
1655,99
1656,10767
1658,10767
1658,10764
1659,10762
1660,10764
1661,10764
1661,10767
1662,99
1663,16
1663,35
1664,10764
1665,10762
1666,99
1667,10764
1669,10764
1670,10751
1670,10762
1670,99
1671,18
1672,18
1672,10759
1673,16
1673,10762
1674,10764
1675,10764
1676,18
1677,18
1678,10762
1679,10764
1680,99
1681,18
1682,99
1683,10767
1684,16
1684,10762
1685,99
1686,10764
1687,10764
1688,10764
1689,10764
1690,16
1691,18
1692,10764
1693,10764
1694,10762
1694,16
1695,99
1696,16
1696,10762
1697,10767
1698,10764
1699,18
1701,10767
1702,10762
1702,16
1702,10767
1703,16
1703,10762
1704,10764
1704,10762
1705,10764
1706,10764
1707,10762
1707,16
1708,99
1709,10764
1711,10764
1711,10767
1712,10764
1713,18
1714,10764
1715,10764
1716,99
1717,10767
1718,99
1718,10767
1719,10764
1720,10767
1721,10764
1722,16
1722,10762
1723,10764
1723,10767
1724,18
1725,10762
1725,10767
1726,16
1727,18
1727,10765
1728,10767
1729,16
1729,10762
1730,10764
1731,10764
1732,10764
1733,10764
1733,99
1734,10764
1735,10764
1736,99
1737,16
1737,10762
1738,16
1738,10762
1739,99
1740,16
1740,10762
1741,10764
1742,10764
1743,16
1743,10762
1744,10764
1745,10767
1746,18
1747,10762
1747,16
1748,99
1749,99
1750,10764
1750,10767
1751,16
1751,10762
1752,99
1753,10764
1754,16
1754,10762
1755,10764
1756,10764
1757,10764
1758,16
1758,10762
1759,18
1760,10764
1761,99
1762,10764
1763,99
1764,16
1764,10762
1765,10762
1765,10764
1766,16
1766,10762
1768,10767
1769,10764
1770,16
1770,10762
1771,18
1772,16
1773,99
1774,10764
1775,10762
1775,35
1776,99
1777,99
1778,16
1778,10762
1779,99
1780,35
1781,99
1783,35
1784,35
1784,18
1785,16
1785,10762
1786,10762
1787,10762
1788,16
1788,10762
1789,99
1791,99
1792,99
1793,99
1794,10764
1795,10762
1795,10764
1796,16
1796,10762
1797,16
1797,10762
1798,10762
1799,18
1800,16
1801,10762
1802,16
1802,10762
1803,10762
1803,10764
1804,99
1807,10762
1808,10764
1810,10764
1811,10762
1812,10764
1813,10764
1814,10762
1815,16
1815,10762
1816,10764
1818,10762
1818,10764
1819,16
1819,10762
1820,10762
1821,10751
1821,16
1821,35
1822,16
1822,10762
1823,10764
1824,99
1825,99
1825,10764
1826,10764
1826,10767
1827,10762
1828,99
1829,16
1829,10762
1830,99
1831,16
1831,10762
1832,16
1832,10762
1833,10764
1834,16
1834,10762
1835,10764
1837,16
1837,10762
1839,16
1839,10762
1840,99
1842,16
1842,10762
1843,99
1844,10762
1844,16
1845,10764
1847,10764
1848,16
1848,10762
1849,16
1849,10762
1850,16
1850,10762
1851,10762
1852,10751
1852,16
1852,35
1853,16
1853,10762
1854,99
1856,16
1856,35
1857,16
1857,10751
1857,10759
1858,16
1858,10762
1859,16
1859,10762
1860,16
1860,10762
1861,99
1863,99
1865,16
1865,10762
1866,10762
1866,16
1868,10762
1870,16
1870,10762
1871,10762
1872,10764
1873,16
1873,10762
1874,10762
1874,16
