tag_id,source_keyword_id,tag_name,source_name
1,10123,dark comedy,tmdb_keyword
2,10453,con artist,tmdb_keyword
3,11479,social commentary,tmdb_keyword
4,11935,working class,tmdb_keyword
5,12347,infiltration,tmdb_keyword
6,12565,psychological thriller,tmdb_keyword
7,14514,class differences,tmdb_keyword
8,18035,family,tmdb_keyword
9,198673,unemployed,tmdb_keyword
10,215138,domestic worker,tmdb_keyword
11,237462,wealthy family,tmdb_keyword
12,261681,south korea,tmdb_keyword
13,269808,introspective,tmdb_keyword
14,283556,caste violence,tmdb_keyword
15,290327,"seoul, south korea",tmdb_keyword
16,352649,anti-capitalist,tmdb_keyword
17,2957,vietnam war,tmdb_keyword
18,4409,military base,tmdb_keyword
19,14720,love affair,tmdb_keyword
20,208992,1960s,tmdb_keyword
21,260251,korean army,tmdb_keyword
22,5600,daughter,tmdb_keyword
23,779,martial arts,tmdb_keyword
24,3927,rage and hate,tmdb_keyword
25,6062,hostility,tmdb_keyword
26,4375,transformation,tmdb_keyword
27,2883,imprisonment,tmdb_keyword
28,3363,hypnosis,tmdb_keyword
29,3364,sushi restaurant,tmdb_keyword
30,5585,notebook,tmdb_keyword
31,3667,time,tmdb_keyword
32,7412,sin,tmdb_keyword
33,7464,alcoholism,tmdb_keyword
34,9856,flashback,tmdb_keyword
35,9748,revenge,tmdb_keyword
36,9957,loneliness,tmdb_keyword
37,13006,torture,tmdb_keyword
38,13141,based on manga,tmdb_keyword
39,14778,urination,tmdb_keyword
40,14837,rage,tmdb_keyword
41,18047,anger,tmdb_keyword
42,18396,catholic,tmdb_keyword
43,33841,incest,tmdb_keyword
44,206219,captivity,tmdb_keyword
45,207268,neo-noir,tmdb_keyword
46,232938,brother sister sex,tmdb_keyword
47,240303,father daughter relationship,tmdb_keyword
48,241445,asian origins,tmdb_keyword
49,244917,remade,tmdb_keyword
50,273593,hammer,tmdb_keyword
51,280188,grimdark,tmdb_keyword
52,308204,driven to suicide,tmdb_keyword
53,350360,brother sister incest,tmdb_keyword
54,350553,father daughter incest,tmdb_keyword
55,931,jealousy,tmdb_keyword
56,818,based on novel or book,tmdb_keyword
57,295,library,tmdb_keyword
58,3430,pickpocket,tmdb_keyword
59,1664,eroticism,tmdb_keyword
60,3202,con man,tmdb_keyword
61,10454,swindler,tmdb_keyword
62,9833,lesbian relationship,tmdb_keyword
63,12545,mansion,tmdb_keyword
64,14794,lust,tmdb_keyword
65,158718,lgbt,tmdb_keyword
66,183434,noblewoman,tmdb_keyword
67,200234,shocking,tmdb_keyword
68,207767,erotic thriller,tmdb_keyword
69,209095,con woman,tmdb_keyword
70,214548,1930s,tmdb_keyword
71,236643,lady's maid,tmdb_keyword
72,237671,handmade,tmdb_keyword
73,245796,seducer,tmdb_keyword
74,250212,japanese occupation of korea,tmdb_keyword
75,264386,lesbian,tmdb_keyword
76,280003,girls' love (gl),tmdb_keyword
77,324429,romantic,tmdb_keyword
78,325785,commanding,tmdb_keyword
79,325835,melodramatic,tmdb_keyword
80,782,assassin,tmdb_keyword
81,796,police brutality,tmdb_keyword
82,570,rape,tmdb_keyword
83,417,corruption,tmdb_keyword
84,6149,police,tmdb_keyword
85,703,detective,tmdb_keyword
86,5340,investigation,tmdb_keyword
87,4399,victim,tmdb_keyword
88,9672,based on true story,tmdb_keyword
89,10181,based on play or musical,tmdb_keyword
90,9826,murder,tmdb_keyword
91,10714,serial killer,tmdb_keyword
92,14707,brutality,tmdb_keyword
93,15127,killer,tmdb_keyword
94,208156,frantic,tmdb_keyword
95,208289,1980s,tmdb_keyword
96,251667,anxious,tmdb_keyword
97,311315,dramatic,tmdb_keyword
98,9714,remake,tmdb_keyword
99,156052,unemployment,tmdb_keyword
100,191247,paper industry,tmdb_keyword
101,199228,devoted family man,tmdb_keyword
102,208508,murder plot,tmdb_keyword
103,325765,amused,tmdb_keyword
104,616,witch,tmdb_keyword
105,6152,supernatural,tmdb_keyword
106,9663,sequel,tmdb_keyword
107,179431,duringcreditsstinger,tmdb_keyword
108,251513,supernatural power,tmdb_keyword
109,3637,double agent,tmdb_keyword
110,33456,double cross,tmdb_keyword
111,163589,undercover operation,tmdb_keyword
112,261734,north korea,tmdb_keyword
113,267761,inter-korean relations,tmdb_keyword
114,283712,national intelligence service (nis),tmdb_keyword
115,298532,political conspiracy,tmdb_keyword
116,370427,spy vs spy,tmdb_keyword
117,370428,deadly alliance,tmdb_keyword
118,370429,trust no one,tmdb_keyword
119,370430,hidden truths,tmdb_keyword
120,370431,silent war,tmdb_keyword
121,370432,broken loyalty,tmdb_keyword
122,370433,shadow politics,tmdb_keyword
123,370434,cold betrayal,tmdb_keyword
124,370435,final operation,tmdb_keyword
125,370436,intelligence war,tmdb_keyword
126,370437,nis agent,tmdb_keyword
127,370438,humint,tmdb_keyword
128,2490,loss of eyesight,tmdb_keyword
129,12660,blind,tmdb_keyword
130,34094,extramarital affair,tmdb_keyword
131,164092,blindness,tmdb_keyword
132,613,new year's eve,tmdb_keyword
133,11196,rebellion,tmdb_keyword
134,5198,cold,tmdb_keyword
135,970,parent child relationship,tmdb_keyword
136,1442,winter,tmdb_keyword
137,1411,brothel,tmdb_keyword
138,714,child labour,tmdb_keyword
139,3725,pregnancy,tmdb_keyword
140,4565,dystopia,tmdb_keyword
141,1501,allegory,tmdb_keyword
142,4458,post-apocalyptic future,tmdb_keyword
143,3450,bridge,tmdb_keyword
144,4655,train hijacking,tmdb_keyword
145,9897,rifle,tmdb_keyword
146,9717,based on comic,tmdb_keyword
147,9862,dam,tmdb_keyword
148,10349,survival,tmdb_keyword
149,13008,train,tmdb_keyword
150,18712,based on graphic novel,tmdb_keyword
151,33720,guilt,tmdb_keyword
152,162845,revolt,tmdb_keyword
153,178993,duplicity,tmdb_keyword
154,189102,tunnel,tmdb_keyword
155,192311,social class,tmdb_keyword
156,206228,cold weather,tmdb_keyword
157,208085,population control,tmdb_keyword
158,213921,perpetual winter,tmdb_keyword
159,256328,2030s,tmdb_keyword
160,281358,science fiction,tmdb_keyword
161,298530,conspiracy thriller,tmdb_keyword
162,378819,into the future,tmdb_keyword
163,2884,asylum,tmdb_keyword
164,1925,camera,tmdb_keyword
165,4924,insane asylum,tmdb_keyword
166,8468,crew,tmdb_keyword
167,9853,paranormal,tmdb_keyword
168,10323,psychiatric hospital,tmdb_keyword
169,15043,paranormal investigation,tmdb_keyword
170,162846,ghost,tmdb_keyword
171,163053,found footage,tmdb_keyword
172,166323,horror filmmaking,tmdb_keyword
173,172808,paranormal activity,tmdb_keyword
174,207400,haunted attractions,tmdb_keyword
175,221776,haunted hospital,tmdb_keyword
176,270308,terror,tmdb_keyword
177,274650,livestream,tmdb_keyword
178,276164,pseudo-documentary,tmdb_keyword
179,325818,frightened,tmdb_keyword
180,365923,found footage adjacent,tmdb_keyword
181,2210,climate change,tmdb_keyword
182,5096,natural disaster,tmdb_keyword
183,5769,global warming,tmdb_keyword
184,12375,transhumanism,tmdb_keyword
185,173272,flood,tmdb_keyword
186,197056,meditative,tmdb_keyword
187,201125,detached,tmdb_keyword
188,205276,vexed,tmdb_keyword
189,210434,thoughtful,tmdb_keyword
190,212737,philosophical,tmdb_keyword
191,225219,reflective,tmdb_keyword
192,239797,complex,tmdb_keyword
193,254167,loving,tmdb_keyword
194,281659,wistful,tmdb_keyword
195,293649,provocative,tmdb_keyword
196,325761,admiring,tmdb_keyword
197,325762,adoring,tmdb_keyword
198,325786,compassionate,tmdb_keyword
199,325791,defiant,tmdb_keyword
200,325795,dignified,tmdb_keyword
201,325806,empathetic,tmdb_keyword
202,325842,powerful,tmdb_keyword
203,325849,sincere,tmdb_keyword
204,325853,sympathetic,tmdb_keyword
205,325855,urgent,tmdb_keyword
206,6259,psychopath,tmdb_keyword
207,11729,mercilessness,tmdb_keyword
208,34136,blunt,tmdb_keyword
209,193897,hard,tmdb_keyword
210,210162,grim,tmdb_keyword
211,269268,sadistic killer,tmdb_keyword
212,325764,ambivalent,tmdb_keyword
213,325775,awestruck,tmdb_keyword
214,325854,tragic,tmdb_keyword
215,378,prison,tmdb_keyword
216,3799,ship,tmdb_keyword
217,8083,pacific,tmdb_keyword
218,262404,extreme violence,tmdb_keyword
219,13084,king,tmdb_keyword
220,213097,15th century,tmdb_keyword
221,232421,joseon dynasty (1392–1910),tmdb_keyword
222,516,child abuse,tmdb_keyword
223,3929,hope,tmdb_keyword
224,190327,sexual assault,tmdb_keyword
225,658,sea,tmdb_keyword
226,7879,secret love,tmdb_keyword
227,4129,widow,tmdb_keyword
228,1262,mountain,tmdb_keyword
229,2568,language barrier,tmdb_keyword
230,3691,forbidden love,tmdb_keyword
231,9294,foreign language,tmdb_keyword
232,9673,love,tmdb_keyword
233,154901,audio recording,tmdb_keyword
234,157344,phone,tmdb_keyword
235,159212,mountain climbing,tmdb_keyword
236,207046,murder mystery,tmdb_keyword
237,207431,murder suspect,tmdb_keyword
238,232649,"busan, south korea",tmdb_keyword
239,268067,police procedural,tmdb_keyword
240,6054,friendship,tmdb_keyword
241,128,love triangle,tmdb_keyword
242,10683,coming of age,tmdb_keyword
243,10048,unrequited love,tmdb_keyword
244,10809,teenage girl,tmdb_keyword
245,156924,tearjerker,tmdb_keyword
246,157303,first love,tmdb_keyword
247,206671,city life,tmdb_keyword
248,210608,1990s,tmdb_keyword
249,305168,depressed,tmdb_keyword
250,321464,intense,tmdb_keyword
251,4720,ritual,tmdb_keyword
252,1909,coffin,tmdb_keyword
253,2626,exorcism,tmdb_keyword
254,10541,curse,tmdb_keyword
255,11326,shaman,tmdb_keyword
256,12434,undertaker,tmdb_keyword
257,40895,illness,tmdb_keyword
258,156081,tomb,tmdb_keyword
259,156174,occult,tmdb_keyword
260,170468,grave digging,tmdb_keyword
261,193151,ancestor,tmdb_keyword
262,208426,shamanism,tmdb_keyword
263,272408,evil spirits,tmdb_keyword
264,316832,tense,tmdb_keyword
265,3335,halloween,tmdb_keyword
266,12377,zombie,tmdb_keyword
267,1453,amnesia,tmdb_keyword
268,269719,high school romance,tmdb_keyword
269,277551,slow burn,tmdb_keyword
270,311952,pure love,tmdb_keyword
271,361444,emotional growth,tmdb_keyword
272,365954,emotional,tmdb_keyword
273,366618,melancholic,tmdb_keyword
274,366619,youth melodrama,tmdb_keyword
275,366620,fear of goodbye,tmdb_keyword
276,366621,warm tragedy,tmdb_keyword
277,366622,bittersweet ending,tmdb_keyword
278,366623,tears guaranteed,tmdb_keyword
279,6305,pollution,tmdb_keyword
280,1299,monster,tmdb_keyword
281,1261,river,tmdb_keyword
282,3930,bravery,tmdb_keyword
283,6304,sewerage,tmdb_keyword
284,6617,formaldehyde,tmdb_keyword
285,6618,snack bar,tmdb_keyword
286,4393,archer,tmdb_keyword
287,301096,direct,tmdb_keyword
288,303843,han river,tmdb_keyword
289,325815,farcical,tmdb_keyword
290,3998,palace,tmdb_keyword
291,4001,eunuch,tmdb_keyword
292,8754,concubine,tmdb_keyword
293,15060,period drama,tmdb_keyword
294,41282,political intrigue ,tmdb_keyword
295,657,fire,tmdb_keyword
296,1566,dreams,tmdb_keyword
297,548,countryside,tmdb_keyword
298,977,cat,tmdb_keyword
299,366,sex shop,tmdb_keyword
300,1647,sadness,tmdb_keyword
301,2725,sunlight,tmdb_keyword
302,3301,suspicion,tmdb_keyword
303,4168,greenhouse,tmdb_keyword
304,4232,melancholy,tmdb_keyword
305,11363,arson,tmdb_keyword
306,13028,writer,tmdb_keyword
307,156866,based on short story,tmdb_keyword
308,172695,burning,tmdb_keyword
309,178895,questioning,tmdb_keyword
310,186815,metaphor,tmdb_keyword
311,236298,dance ritual,tmdb_keyword
312,267422,rural setting,tmdb_keyword
313,280275,sunsets,tmdb_keyword
314,283118,return to hometown,tmdb_keyword
315,319913,disappearing,tmdb_keyword
316,325852,subjective,tmdb_keyword
317,12332,apocalypse,tmdb_keyword
318,33637,super power,tmdb_keyword
319,318933,based on web novel,tmdb_keyword
320,322496,action,tmdb_keyword
321,359337,post-apocalyptic,tmdb_keyword
322,6155,afterlife,tmdb_keyword
323,6154,hell,tmdb_keyword
324,11038,trial,tmdb_keyword
325,9649,god,tmdb_keyword
326,11187,grim reaper,tmdb_keyword
327,12648,bromance,tmdb_keyword
328,227686,myth,tmdb_keyword
329,288474,based on webcomic or webtoon,tmdb_keyword
330,9799,romcom,tmdb_keyword
331,12096,hair,tmdb_keyword
332,164246,nostalgic,tmdb_keyword
333,201057,transfer student,tmdb_keyword
334,295282,charming,tmdb_keyword
335,3521,earthquake,tmdb_keyword
336,185457,badlands,tmdb_keyword
337,10685,escape,tmdb_keyword
338,6511,alone,tmdb_keyword
339,11930,drone,tmdb_keyword
340,33347,apartment building,tmdb_keyword
341,186565,zombie apocalypse,tmdb_keyword
342,188957,virus,tmdb_keyword
343,230061,live stream,tmdb_keyword
344,286239,apartment,tmdb_keyword
345,2708,hitman,tmdb_keyword
346,15285,spin off,tmdb_keyword
347,201456,paranoid,tmdb_keyword
348,220815,unassuming,tmdb_keyword
349,225273,k-pop,tmdb_keyword
350,251523,idol group,tmdb_keyword
351,369039,showbiz,tmdb_keyword
352,1930,kidnapping,tmdb_keyword
353,11107,rescue mission,tmdb_keyword
354,167316,buddy cop,tmdb_keyword
355,247799,action comedy,tmdb_keyword
356,377410,uneasy alliance,tmdb_keyword
357,3088,bodyguard,tmdb_keyword
358,12392,best friend,tmdb_keyword
359,170731,wish fulfillment,tmdb_keyword
360,187256,ballerina,tmdb_keyword
361,196068,swordswoman,tmdb_keyword
362,200918,angry,tmdb_keyword
363,213903,girl biker,tmdb_keyword
364,259361,loss of a friend,tmdb_keyword
365,325783,cliché,tmdb_keyword
366,596,adultery,tmdb_keyword
367,9840,romance,tmdb_keyword
368,9725,sword fight,tmdb_keyword
369,10614,tragedy,tmdb_keyword
370,10085,betrayal,tmdb_keyword
371,250198,goryeo dynasty,tmdb_keyword
372,258533,gay theme,tmdb_keyword
373,289844,boys' love (bl),tmdb_keyword
374,362233,psychological romance,tmdb_keyword
375,444,taxi,tmdb_keyword
376,1749,taxi driver,tmdb_keyword
377,4108,protest,tmdb_keyword
378,33640,democracy,tmdb_keyword
379,159289,historical event,tmdb_keyword
380,231977,gwangju uprising,tmdb_keyword
381,253157,gwangju,tmdb_keyword
382,259773,democratization movement,tmdb_keyword
383,325811,excited,tmdb_keyword
384,243959,brother brother relationship,tmdb_keyword
385,244530,malicious,tmdb_keyword
386,315053,critical,tmdb_keyword
387,549,prostitute,tmdb_keyword
388,1667,pimp,tmdb_keyword
389,10292,gore,tmdb_keyword
390,6399,rope,tmdb_keyword
391,6681,flu,tmdb_keyword
392,15156,cell phone,tmdb_keyword
393,15162,dog,tmdb_keyword
394,34156,tied up,tmdb_keyword
395,158026,meat hook,tmdb_keyword
396,176708,chisel,tmdb_keyword
397,10114,evil spirit,tmdb_keyword
398,15001,demon,tmdb_keyword
399,177895,dark fantasy,tmdb_keyword
400,285485,teamwork,tmdb_keyword
401,288394,suspense,tmdb_keyword
402,290489,special power,tmdb_keyword
403,1563,prisoner,tmdb_keyword
404,1521,time warp,tmdb_keyword
405,4379,time travel,tmdb_keyword
406,9951,alien,tmdb_keyword
407,12995,historical fiction,tmdb_keyword
408,305493,taoist wizard,tmdb_keyword
409,5424,women's prison,tmdb_keyword
410,232766,vengeance,tmdb_keyword
411,257426,waiting for revenge,tmdb_keyword
412,1701,hero,tmdb_keyword
413,6019,human trafficking,tmdb_keyword
414,4556,protection,tmdb_keyword
415,10044,tragic hero,tmdb_keyword
416,10941,disappearance,tmdb_keyword
417,14964,drugs,tmdb_keyword
418,287884,organ trafficking,tmdb_keyword
419,319319,sentimental,tmdb_keyword
420,325763,ambiguous,tmdb_keyword
421,325804,earnest,tmdb_keyword
422,325851,straightforward,tmdb_keyword
423,1415,small town,tmdb_keyword
424,456,mother,tmdb_keyword
425,5329,rice,tmdb_keyword
426,2702,golf,tmdb_keyword
427,12541,misunderstanding,tmdb_keyword
428,40879,drunk,tmdb_keyword
429,162735,disability,tmdb_keyword
430,187544,needle,tmdb_keyword
431,188991,drunkenness,tmdb_keyword
432,221728,acupuncture,tmdb_keyword
433,236494,mental retardation,tmdb_keyword
434,240237,mother son relationship,tmdb_keyword
435,345257,human mystery,tmdb_keyword
436,6270,high school,tmdb_keyword
437,161272,high school sweetheart,tmdb_keyword
438,1382,factory,tmdb_keyword
439,7443,kidney transplant ,tmdb_keyword
440,195241,radical politics,tmdb_keyword
441,298364,organ harvesting,tmdb_keyword
442,5332,greed,tmdb_keyword
443,3734,ambition,tmdb_keyword
444,10391,mafia,tmdb_keyword
445,159201,baseball player,tmdb_keyword
446,441,assassination,tmdb_keyword
447,3149,gangster,tmdb_keyword
448,3230,male friendship,tmdb_keyword
449,5572,fistfight,tmdb_keyword
450,33490,filmmaking,tmdb_keyword
451,3347,volcano,tmdb_keyword
452,10617,disaster,tmdb_keyword
453,163398,volcanic eruption,tmdb_keyword
454,286199,emby,tmdb_keyword
455,803,android,tmdb_keyword
456,3388,space colony,tmdb_keyword
457,161176,space opera,tmdb_keyword
458,195114,space adventure,tmdb_keyword
459,252937,spaceship,tmdb_keyword
460,268809,ecological disaster,tmdb_keyword
461,300583,2090s,tmdb_keyword
462,320420,hilarious,tmdb_keyword
463,254097,social prejudice,tmdb_keyword
464,269674,emotional healing,tmdb_keyword
465,293016,melodrama,tmdb_keyword
466,366688,unpopular heroine,tmdb_keyword
467,366689,outsider romance,tmdb_keyword
468,366690,beauty vs judgment,tmdb_keyword
469,366691,public gaze,tmdb_keyword
470,366692,quiet resilience,tmdb_keyword
471,366693,love against odds,tmdb_keyword
472,366694,fate and misunderstanding,tmdb_keyword
473,366695,fragile happiness,tmdb_keyword
474,366696,eccentric ally,tmdb_keyword
475,2827,forced labour,tmdb_keyword
476,231867,korean resistance,tmdb_keyword
477,322427,gunkanjima,tmdb_keyword
478,6078,politics,tmdb_keyword
479,1228,1970s,tmdb_keyword
480,6285,coup d'etat,tmdb_keyword
481,4632,martial law,tmdb_keyword
482,15061,docudrama,tmdb_keyword
483,209817,political thriller,tmdb_keyword
484,254325,korea president,tmdb_keyword
485,325252,chun doo-hwan,tmdb_keyword
486,1552,subway,tmdb_keyword
487,9706,anthology,tmdb_keyword
488,250593,horror anthology,tmdb_keyword
489,287619,youtuber,tmdb_keyword
490,11715,arrow,tmdb_keyword
491,18101,bow and arrow,tmdb_keyword
492,53995,archery,tmdb_keyword
493,207941,17th century,tmdb_keyword
494,250187,chinese invasion of korea,tmdb_keyword
495,15090,police officer,tmdb_keyword
496,2286,border,tmdb_keyword
497,3264,korean war (1950-53),tmdb_keyword
498,13065,soldier,tmdb_keyword
499,15053,united nations,tmdb_keyword
500,244029,dmz,tmdb_keyword
501,1293,asia,tmdb_keyword
502,231849,incheon,tmdb_keyword
503,14669,older man younger woman relationship,tmdb_keyword
504,263308,young girl seduces old man,tmdb_keyword
505,33740,humiliation,tmdb_keyword
506,1009,baby,tmdb_keyword
507,2393,adoption,tmdb_keyword
508,5628,broker,tmdb_keyword
509,7312,road trip,tmdb_keyword
510,10235,family relationships,tmdb_keyword
511,167043,road movie,tmdb_keyword
512,223172,abandoned baby,tmdb_keyword
513,242691,thought provoking,tmdb_keyword
514,270198,baby box,tmdb_keyword
515,288027,family story,tmdb_keyword
516,325805,embarrassed,tmdb_keyword
517,6898,quarantine,tmdb_keyword
518,13005,doctor,tmdb_keyword
519,14675,lethal virus,tmdb_keyword
520,17995,epidemic,tmdb_keyword
521,192656,influenza,tmdb_keyword
522,240315,mother daughter relationship,tmdb_keyword
523,3800,airplane,tmdb_keyword
524,822,airport,tmdb_keyword
525,4245,hijacking,tmdb_keyword
526,8201,satire,tmdb_keyword
527,10184,airplane hijacking,tmdb_keyword
528,193008,red army,tmdb_keyword
529,247129,communists,tmdb_keyword
530,248841,japanese,tmdb_keyword
531,260253,korean air force,tmdb_keyword
532,270373,"pyongyang, north korea",tmdb_keyword
533,1568,undercover,tmdb_keyword
534,11199,undercover cop,tmdb_keyword
535,167254,gang warfare,tmdb_keyword
536,170212,criminal gang,tmdb_keyword
537,272050,korean chinese,tmdb_keyword
538,6846,borderline personality disorder,tmdb_keyword
539,206736,changing the past or future,tmdb_keyword
540,208757,time paradox,tmdb_keyword
541,273507,anti-social behaviour,tmdb_keyword
542,284619,thecall,tmdb_keyword
543,591,central intelligence agency (cia),tmdb_keyword
544,33705,agent,tmdb_keyword
545,163656,gun violence,tmdb_keyword
546,297112,dark fiction,tmdb_keyword
547,301541,psychological manipulation,tmdb_keyword
548,6075,sports,tmdb_keyword
549,9701,controversy,tmdb_keyword
550,13042,football (soccer),tmdb_keyword
551,177927,homeless,tmdb_keyword
552,192345,football (soccer) team,tmdb_keyword
553,259376,playful,tmdb_keyword
554,296789,chasing dreams,tmdb_keyword
555,312627,leadership,tmdb_keyword
556,325840,optimistic,tmdb_keyword
557,2356,immigrant,tmdb_keyword
558,2987,gang war,tmdb_keyword
559,11762,beaten to death,tmdb_keyword
560,18109,knife fight,tmdb_keyword
561,155633,mahjong,tmdb_keyword
562,183435,bloodbath,tmdb_keyword
563,188259,money problems,tmdb_keyword
564,312814,bizarre,tmdb_keyword
565,352721,inter-floor noise,tmdb_keyword
566,3588,navy,tmdb_keyword
567,5565,biography,tmdb_keyword
568,160860,battleship,tmdb_keyword
569,195862,naval warfare,tmdb_keyword
570,208244,16th century,tmdb_keyword
571,212572,battle of myeongryang,tmdb_keyword
572,212573,japanese invasion of korea,tmdb_keyword
573,213974,korean navy,tmdb_keyword
574,271390,yi sun-sin,tmdb_keyword
575,326422,imjin war,tmdb_keyword
576,318482,chaebol,tmdb_keyword
577,159588,suicide by hanging,tmdb_keyword
578,191009,housemaid,tmdb_keyword
579,207515,dominance submissiveness,tmdb_keyword
580,221196,unplanned pregnancy,tmdb_keyword
581,223198,uninvited guest,tmdb_keyword
582,345868,employee boss relationship,tmdb_keyword
583,5265,espionage,tmdb_keyword
584,470,spy,tmdb_keyword
585,2051,intelligence,tmdb_keyword
586,4289,secret agent,tmdb_keyword
587,1157,husband wife relationship,tmdb_keyword
588,2038,love of one's life,tmdb_keyword
589,2863,mannequin,tmdb_keyword
590,1437,burglar,tmdb_keyword
591,2320,violent husband,tmdb_keyword
592,1454,treasure,tmdb_keyword
593,2151,drug crime,tmdb_keyword
594,502,ambush,tmdb_keyword
595,2479,chicken,tmdb_keyword
596,236407,fried chicken,tmdb_keyword
597,297726,korean cuisine,tmdb_keyword
598,4152,kingdom,tmdb_keyword
599,4663,lovers,tmdb_keyword
600,181479,pearls,tmdb_keyword
601,206795,merpeople,tmdb_keyword
602,297442,animation,tmdb_keyword
603,303364,monster hunter,tmdb_keyword
604,720,helicopter,tmdb_keyword
605,966,beach,tmdb_keyword
606,697,loss of loved one,tmdb_keyword
607,3170,cigarette,tmdb_keyword
608,2581,giant wave,tmdb_keyword
609,6941,tsunami,tmdb_keyword
610,14708,tears,tmdb_keyword
611,33479,single father,tmdb_keyword
612,173316,trapped in an elevator,tmdb_keyword
613,181012,tidal wave,tmdb_keyword
614,189411,disaster movie,tmdb_keyword
615,325825,horrified,tmdb_keyword
616,170827,sex comedy,tmdb_keyword
617,288816,lighthearted,tmdb_keyword
618,10148,tribe,tmdb_keyword
619,197582,mysterious,tmdb_keyword
620,6844,stalker,tmdb_keyword
621,12361,hacking,tmdb_keyword
622,214578,smart phone,tmdb_keyword
623,262419,lost,tmdb_keyword
624,2956,vietnam,tmdb_keyword
625,3393,tombstone,tmdb_keyword
626,4654,undercover agent,tmdb_keyword
627,18075,political campaign,tmdb_keyword
628,33683,"beijing, china",tmdb_keyword
629,156767,nuclear threat,tmdb_keyword
630,181659,political corruption,tmdb_keyword
631,252104,2000s,tmdb_keyword
632,158713,bdsm,tmdb_keyword
633,208781,intimacy,tmdb_keyword
634,12366,hitwoman,tmdb_keyword
635,14768,single mother,tmdb_keyword
636,275347,female killer,tmdb_keyword
637,4529,diplomat,tmdb_keyword
638,4265,somalia,tmdb_keyword
639,215721,mogadishu,tmdb_keyword
640,14641,based on memoir or autobiography,tmdb_keyword
641,156104,stranger,tmdb_keyword
642,164698,boyfriend girlfriend relationship,tmdb_keyword
643,496,poetry,tmdb_keyword
644,986,tv addicted person,tmdb_keyword
645,5903,alzheimer's disease,tmdb_keyword
646,10241,caretaker,tmdb_keyword
647,15241,teenage rape,tmdb_keyword
648,15242,poetry teacher,tmdb_keyword
649,172972,old woman,tmdb_keyword
650,206334,badminton,tmdb_keyword
651,267659,grandmother grandson relationship,tmdb_keyword
652,1908,katana,tmdb_keyword
653,13116,one man army,tmdb_keyword
654,188955,hand to hand combat,tmdb_keyword
655,202371,aggressive,tmdb_keyword
656,10364,mission,tmdb_keyword
657,10291,organized crime,tmdb_keyword
658,49950,prosecutor,tmdb_keyword
659,293538,"shenyang, china",tmdb_keyword
660,10726,gang,tmdb_keyword
661,241778,prison release,tmdb_keyword
662,209673,calm,tmdb_keyword
663,325784,comforting,tmdb_keyword
664,9817,behind the scenes,tmdb_keyword
665,194869,boy band,tmdb_keyword
666,246377,music documentary,tmdb_keyword
667,3133,vampire,tmdb_keyword
668,10093,priest,tmdb_keyword
669,157791,self mutilation,tmdb_keyword
670,160246,childhood friends,tmdb_keyword
671,162685,blood transfusion,tmdb_keyword
672,166477,confessional,tmdb_keyword
673,175949,catholic guilt,tmdb_keyword
674,175956,lesion,tmdb_keyword
675,175957,jumping off a building,tmdb_keyword
676,12094,business,tmdb_keyword
677,155740,sex toy,tmdb_keyword
678,321130,business partners,tmdb_keyword
679,395,gambling,tmdb_keyword
680,2348,hustler,tmdb_keyword
681,155841,gambler,tmdb_keyword
682,839,planet mars,tmdb_keyword
683,14626,astronaut,tmdb_keyword
684,185332,long distance relationship,tmdb_keyword
685,210024,anime,tmdb_keyword
686,244886,love story,tmdb_keyword
687,4063,siege,tmdb_keyword
688,5511,tang dynasty,tmdb_keyword
689,33974,fortress,tmdb_keyword
690,232750,ancient korea,tmdb_keyword
691,251614,"kingdom of goguryeo, korea",tmdb_keyword
692,251615,"tang dinasty, china",tmdb_keyword
693,251616,stronghold,tmdb_keyword
694,251618,7th century,tmdb_keyword
695,15319,attraction,tmdb_keyword
696,213833,blind woman,tmdb_keyword
697,6029,concert,tmdb_keyword
698,4610,comeback,tmdb_keyword
699,10610,live,tmdb_keyword
700,198299,live music,tmdb_keyword
701,353254,event,tmdb_keyword
702,359116,music live,tmdb_keyword
703,1526,home,tmdb_keyword
704,240119,father son relationship,tmdb_keyword
705,159710,hostage negotiator,tmdb_keyword
706,200808,negotiation,tmdb_keyword
707,41355,teacher student relationship,tmdb_keyword
708,155477,softcore,tmdb_keyword
709,4676,whale,tmdb_keyword
710,9727,thief,tmdb_keyword
711,33344,bandit,tmdb_keyword
712,198364,lost island,tmdb_keyword
713,215113,maritime,tmdb_keyword
714,291536,korean live action,tmdb_keyword
715,291537,pirate captain,tmdb_keyword
716,291539,bandits,tmdb_keyword
717,5923,sister,tmdb_keyword
718,9807,film noir,tmdb_keyword
719,14546,massacre,tmdb_keyword
720,267986,jeju island,tmdb_keyword
721,75,gunslinger,tmdb_keyword
722,1419,gun,tmdb_keyword
723,254500,asian western,tmdb_keyword
724,272877,korean,tmdb_keyword
725,322385,manchuria western,tmdb_keyword
726,830,car race,tmdb_keyword
727,1794,yakuza,tmdb_keyword
728,3432,"bangkok, thailand",tmdb_keyword
729,3434,thailand,tmdb_keyword
730,12369,"tokyo, japan",tmdb_keyword
731,192334,hard boiled,tmdb_keyword
732,270709,zainichi,tmdb_keyword
733,290527,transgender,tmdb_keyword
734,2792,boxer,tmdb_keyword
735,6895,philippines,tmdb_keyword
736,199812,nobleman,tmdb_keyword
737,4109,independence movement,tmdb_keyword
738,33721,body-swap,tmdb_keyword
739,241583,cold eyes,tmdb_keyword
740,10051,heist,tmdb_keyword
741,12354,hong kong,tmdb_keyword
742,159339,safecracker,tmdb_keyword
743,159747,diamond theft,tmdb_keyword
744,184188,macau,tmdb_keyword
745,2231,drug dealer,tmdb_keyword
746,10175,drug cartel,tmdb_keyword
747,18023,criminal mastermind,tmdb_keyword
748,167580,kingpin,tmdb_keyword
749,206694,master villain,tmdb_keyword
750,209525,mysterious past,tmdb_keyword
751,236708,drug manufacturing,tmdb_keyword
752,2964,future,tmdb_keyword
753,310,artificial intelligence (a.i.),tmdb_keyword
754,402,clone,tmdb_keyword
755,3070,mercenary,tmdb_keyword
756,14544,robot,tmdb_keyword
757,236590,22nd century,tmdb_keyword
758,273967,war,tmdb_keyword
759,1806,desertion,tmdb_keyword
760,254516,north korean defector,tmdb_keyword
761,272627,north korean,tmdb_keyword
762,231846,operation trudy jackson,tmdb_keyword
763,231847,general douglas macarthur,tmdb_keyword
764,231848,operation x-ray,tmdb_keyword
765,2135,radio,tmdb_keyword
766,641,single parent,tmdb_keyword
767,5650,feral child,tmdb_keyword
768,12564,werewolf,tmdb_keyword
769,13014,orphan,tmdb_keyword
770,9712,possession,tmdb_keyword
771,282,video game,tmdb_keyword
772,769,falsely accused,tmdb_keyword
773,9777,prison escape,tmdb_keyword
774,9890,jail,tmdb_keyword
775,10439,gamer,tmdb_keyword
776,11734,police corruption,tmdb_keyword
777,11148,police chase,tmdb_keyword
778,155497,truck driver,tmdb_keyword
779,167541,buddy comedy,tmdb_keyword
780,186150,street fight,tmdb_keyword
781,234219,spoiled rich kid,tmdb_keyword
782,5732,birthday party,tmdb_keyword
783,251502,poison gas,tmdb_keyword
784,284454,smugglers,tmdb_keyword
785,294521,smuggling,tmdb_keyword
786,298459,haenyeo,tmdb_keyword
787,305,moon,tmdb_keyword
788,1533,isolation,tmdb_keyword
789,9882,space,tmdb_keyword
790,9743,stranded,tmdb_keyword
791,15354,struggle for survival,tmdb_keyword
792,6506,resurrection,tmdb_keyword
793,241364,death of a loved one,tmdb_keyword
794,325820,gentle,tmdb_keyword
795,972,refugee,tmdb_keyword
796,1690,belgium,tmdb_keyword
797,2689,dementia,tmdb_keyword
798,374965,قاتل متسلسل,tmdb_keyword
799,374966,الزهايمر,tmdb_keyword
800,374967,مقتبس من رواية أو كتاب,tmdb_keyword
801,374968,الخرف,tmdb_keyword
802,314730,suspenseful,tmdb_keyword
803,2587,married couple,tmdb_keyword
804,2116,sleep,tmdb_keyword
805,179878,sleepwalking,tmdb_keyword
806,3684,religion and supernatural,tmdb_keyword
807,11001,religion,tmdb_keyword
808,166631,loan shark,tmdb_keyword
809,207090,moneylender,tmdb_keyword
810,156121,ex-con,tmdb_keyword
811,284596,mission possible,tmdb_keyword
812,414,hunter,tmdb_keyword
813,4809,tiger,tmdb_keyword
814,10794,snow,tmdb_keyword
815,207876,1920s,tmdb_keyword
816,299929,korean tiger,tmdb_keyword
817,299930,amur tiger,tmdb_keyword
818,299931,jirisan,tmdb_keyword
819,1332,cheating,tmdb_keyword
820,383,poker,tmdb_keyword
821,211614,scheme,tmdb_keyword
822,4210,panic,tmdb_keyword
823,4368,nuclear power plant,tmdb_keyword
824,14601,explosion,tmdb_keyword
825,158419,nuclear fallout,tmdb_keyword
826,204146,nuclear catastrophe,tmdb_keyword
827,33871,tragic past,tmdb_keyword
828,41383,triad,tmdb_keyword
829,159103,mourning,tmdb_keyword
830,177964,contract killer,tmdb_keyword
831,248499,elite squad,tmdb_keyword
832,249648,unintentional kill,tmdb_keyword
833,312898,violence,tmdb_keyword
834,155751,stolen identity,tmdb_keyword
835,177035,identity swap,tmdb_keyword
836,299576,skilled killer,tmdb_keyword
837,2885,prison cell,tmdb_keyword
838,12662,wrongful imprisonment,tmdb_keyword
839,187290,mentally challenged,tmdb_keyword
840,1158,grandparent grandchild relationship,tmdb_keyword
841,1375,submachine gun,tmdb_keyword
842,2574,lunatic asylum,tmdb_keyword
843,14781,patient,tmdb_keyword
844,15106,psychiatrist,tmdb_keyword
845,156851,psychiatric ward,tmdb_keyword
846,14548,political assassination,tmdb_keyword
847,3269,secret mission,tmdb_keyword
848,6733,bullying,tmdb_keyword
849,14735,motorcycle,tmdb_keyword
850,41336,government assassin,tmdb_keyword
851,1812,fbi,tmdb_keyword
852,179413,cooperation,tmdb_keyword
853,1284,identity,tmdb_keyword
854,18187,family reunion,tmdb_keyword
855,189092,journey,tmdb_keyword
856,221068,french woman,tmdb_keyword
857,231520,international adoption,tmdb_keyword
858,299578,searching for biological parents,tmdb_keyword
859,324434,korean culture,tmdb_keyword
860,542,street gang,tmdb_keyword
861,1919,mayor,tmdb_keyword
862,197264,love tested,tmdb_keyword
863,815,soulmates,tmdb_keyword
864,2467,difficult childhood,tmdb_keyword
865,5248,female friendship,tmdb_keyword
866,225686,aspiring artist,tmdb_keyword
867,235134,estranged mother,tmdb_keyword
868,295959,best friends,tmdb_keyword
869,187293,corrupt system,tmdb_keyword
870,188277,power struggle,tmdb_keyword
871,206928,criminal organization,tmdb_keyword
872,239910,abuse of power,tmdb_keyword
873,302130,moral corruption,tmdb_keyword
874,326297,former detective,tmdb_keyword
875,332598,brutal violence,tmdb_keyword
876,371694,underground network,tmdb_keyword
877,372413,violent retaliation,tmdb_keyword
878,372885,corrupt guards,tmdb_keyword
879,372886,inmate alliances,tmdb_keyword
880,372887,secret operations,tmdb_keyword
881,374274,undercover infiltration,tmdb_keyword
882,374275,prison politics,tmdb_keyword
883,374276,reluctant ally,tmdb_keyword
884,1013,homophobia,tmdb_keyword
885,1253,roommates,tmdb_keyword
886,240305,gay romance,tmdb_keyword
887,259770,itaewon,tmdb_keyword
888,347045,gay bashing,tmdb_keyword
889,349481,religious mother,tmdb_keyword
890,1803,drug addiction,tmdb_keyword
891,212803,dissociative identity disorder,tmdb_keyword
892,8737,bogotá,tmdb_keyword
893,285275,colombia,tmdb_keyword
894,286006,"bogota, colombia",tmdb_keyword
895,321827,foreign country,tmdb_keyword
896,321828,legal immigrant,tmdb_keyword
897,325778,bold,tmdb_keyword
898,1022,workaholic,tmdb_keyword
899,699,love at first sight,tmdb_keyword
900,6282,workplace,tmdb_keyword
901,182325,office romance,tmdb_keyword
902,345,monk,tmdb_keyword
903,5722,buddha,tmdb_keyword
904,6556,talisman,tmdb_keyword
905,157164,animal death,tmdb_keyword
906,159940,exorcist,tmdb_keyword
907,259094,dark,tmdb_keyword
908,5133,body exchange,tmdb_keyword
909,15086,advertising,tmdb_keyword
910,1252,suicide attempt,tmdb_keyword
911,11085,castaway,tmdb_keyword
912,226406,isolated island,tmdb_keyword
913,1605,new love,tmdb_keyword
914,3344,letter,tmdb_keyword
915,8686,millenium,tmdb_keyword
916,44446,mail,tmdb_keyword
917,68648,mailbox,tmdb_keyword
918,297724,sismance,tmdb_keyword
919,314985,revenge porn,tmdb_keyword
920,320382,hidden camera crime,tmdb_keyword
921,236217,qing dynasty,tmdb_keyword
922,240776,korean history,tmdb_keyword
923,259338,mountain fortress,tmdb_keyword
924,2172,zoo,tmdb_keyword
925,18165,animals,tmdb_keyword
926,2041,island,tmdb_keyword
927,1317,card game,tmdb_keyword
928,6373,sadomasochism,tmdb_keyword
929,3423,liquor,tmdb_keyword
930,5301,brother,tmdb_keyword
931,208327,zealous,tmdb_keyword
932,276605,serious,tmdb_keyword
933,309974,absurd,tmdb_keyword
934,322255,sinister,tmdb_keyword
935,324713,whimsical,tmdb_keyword
936,325776,baffled,tmdb_keyword
937,325777,bewildered,tmdb_keyword
938,325821,ghoulish,tmdb_keyword
939,325822,gloomy,tmdb_keyword
940,325824,hopeful,tmdb_keyword
941,1918,cooking,tmdb_keyword
942,5888,agriculture,tmdb_keyword
943,9914,slice of life,tmdb_keyword
944,11004,rural area,tmdb_keyword
945,10637,food,tmdb_keyword
946,18330,nature,tmdb_keyword
947,166471,gardening,tmdb_keyword
948,187056,woman director,tmdb_keyword
949,196319,horticulture,tmdb_keyword
950,8015,cop,tmdb_keyword
951,192007,decomposition,tmdb_keyword
952,208530,bad guy,tmdb_keyword
953,6150,faith,tmdb_keyword
954,2232,move,tmdb_keyword
955,1729,migration,tmdb_keyword
956,14765,church,tmdb_keyword
957,170865,child kidnapping,tmdb_keyword
958,259771,miryang,tmdb_keyword
959,3739,funeral,tmdb_keyword
960,2095,anti hero,tmdb_keyword
961,6440,hit-and-run,tmdb_keyword
962,174539,police inspector,tmdb_keyword
963,5905,father,tmdb_keyword
964,5563,market,tmdb_keyword
965,167215,coal mine,tmdb_keyword
966,208262,lottery ticket,tmdb_keyword
967,208263,winning lottery,tmdb_keyword
968,10229,singer,tmdb_keyword
969,236,suicide,tmdb_keyword
970,9824,reunion,tmdb_keyword
971,9713,friends,tmdb_keyword
972,15271,interrogation,tmdb_keyword
973,168483,student protest,tmdb_keyword
974,3541,afghanistan,tmdb_keyword
975,7955,taliban,tmdb_keyword
976,83,saving the world,tmdb_keyword
977,6968,space invasion,tmdb_keyword
978,9253,slapstick comedy,tmdb_keyword
979,11208,conspiracy theory,tmdb_keyword
980,10772,torture chamber,tmdb_keyword
981,14773,eclipse,tmdb_keyword
982,175522,electrical torture,tmdb_keyword
983,183573,genre bending,tmdb_keyword
984,234574,abducted,tmdb_keyword
985,235261,abduction,tmdb_keyword
986,247691,lunar eclipse,tmdb_keyword
987,178647,occult horror,tmdb_keyword
988,13027,wedding,tmdb_keyword
989,5246,students' movement,tmdb_keyword
990,156887,military dictatorship,tmdb_keyword
991,173644,communism,tmdb_keyword
992,10877,dead body,tmdb_keyword
993,13112,murderer,tmdb_keyword
994,252226,forensic pathologist,tmdb_keyword
995,10244,based on cartoon,tmdb_keyword
996,269769,based on tv series,tmdb_keyword
997,278823,3d animation,tmdb_keyword
998,9675,prequel,tmdb_keyword
999,161919,adult animation,tmdb_keyword
1000,6085,election campaign,tmdb_keyword
1001,6083,politician,tmdb_keyword
1002,15134,election,tmdb_keyword
1003,200883,classified,tmdb_keyword
1004,220,"berlin, germany",tmdb_keyword
1005,237612,14th century,tmdb_keyword
1006,258,bomb,tmdb_keyword
1007,1470,s.w.a.t.,tmdb_keyword
1008,8793,ctx,tmdb_keyword
1009,13015,terrorism,tmdb_keyword
1010,185692,intelligence agent,tmdb_keyword
1011,321774,second-hand market,tmdb_keyword
1012,165317,based on movie,tmdb_keyword
1013,12193,reporter,tmdb_keyword
1014,18029,trapped,tmdb_keyword
1015,18031,rescue team,tmdb_keyword
1016,157384,news reporter,tmdb_keyword
1017,207528,trapped underground,tmdb_keyword
1018,171957,go,tmdb_keyword
1019,642,robbery,tmdb_keyword
1020,196917,armed robbery,tmdb_keyword
1021,226499,manhunt,tmdb_keyword
1022,243676,2040s,tmdb_keyword
1023,254375,male male relationship,tmdb_keyword
1024,325790,cruel,tmdb_keyword
1025,7336,car bomb,tmdb_keyword
1026,236170,1900s,tmdb_keyword
1027,285398,20th century,tmdb_keyword
1028,286194,period piece,tmdb_keyword
1029,292983,"harbin, china",tmdb_keyword
1030,328926,based on real person,tmdb_keyword
1031,886,movie business,tmdb_keyword
1032,9732,film in film,tmdb_keyword
1033,14530,director,tmdb_keyword
1034,179428,censorship,tmdb_keyword
1035,235736,film director,tmdb_keyword
1036,248957,portrait of a filmmaker,tmdb_keyword
1037,285787,experimental,tmdb_keyword
1038,3452,love letter,tmdb_keyword
1039,179367,impossible love,tmdb_keyword
1040,278730,bittersweet,tmdb_keyword
1041,202399,cartoonist,tmdb_keyword
1042,2383,feminism,tmdb_keyword
1043,179321,asian woman,tmdb_keyword
1044,164044,alcoholic drink,tmdb_keyword
1045,11477,anthropomorphism,tmdb_keyword
1046,162810,macabre,tmdb_keyword
1047,235414,kodomo,tmdb_keyword
1048,290640,korean animation,tmdb_keyword
1049,290641,aeni,tmdb_keyword
1050,8440,ex-cop,tmdb_keyword
1051,156630,remote island,tmdb_keyword
1052,192600,island prison,tmdb_keyword
1053,197088,revenge plot,tmdb_keyword
1054,14643,battle,tmdb_keyword
1055,208611,1950s,tmdb_keyword
1056,160970,apartment complex,tmdb_keyword
1057,209057,lost dog,tmdb_keyword
1058,1441,christmas party,tmdb_keyword
1059,33787,tower,tmdb_keyword
1060,192094,firefighter,tmdb_keyword
1061,207317,christmas,tmdb_keyword
1062,260365,christmas eve,tmdb_keyword
1063,191599,palace intrigue,tmdb_keyword
1064,183896,neighbor neighbor relationship,tmdb_keyword
1065,295809,secret,tmdb_keyword
1066,817,bookshop,tmdb_keyword
1067,74,germany,tmdb_keyword
1068,9935,travel,tmdb_keyword
1069,187224,seaside town,tmdb_keyword
1070,213040,self reflection,tmdb_keyword
1071,204949,hongseong,tmdb_keyword
1072,6783,orphanage,tmdb_keyword
1073,1942,strangeness,tmdb_keyword
1074,9955,urban legend,tmdb_keyword
1075,177489,subway train,tmdb_keyword
1076,239378,female reporter,tmdb_keyword
1077,521,"washington dc, usa",tmdb_keyword
1078,90,"paris, france",tmdb_keyword
1079,407,dictator,tmdb_keyword
1080,1972,hearing,tmdb_keyword
1081,7606,dictatorship,tmdb_keyword
1082,190434,assassination of president,tmdb_keyword
1083,259847,park chung-hee,tmdb_keyword
1084,207078,magazine editor,tmdb_keyword
1085,274938,maldición,tmdb_keyword
1086,307704,despertar,tmdb_keyword
1087,307705,muertos,tmdb_keyword
1088,3177,fan,tmdb_keyword
1089,4585,plastic surgery,tmdb_keyword
1090,4742,background singer,tmdb_keyword
1091,8663,overweight woman,tmdb_keyword
1092,206191,stardom,tmdb_keyword
1093,283297,music,tmdb_keyword
1094,14988,east asian lead,tmdb_keyword
1095,3203,pilot,tmdb_keyword
1096,10325,mistaken identity,tmdb_keyword
1097,726,drug abuse,tmdb_keyword
1098,2149,drug trafficking,tmdb_keyword
1099,10642,"osaka, japan",tmdb_keyword
1100,18026,drug lord,tmdb_keyword
1101,234723,jeweller,tmdb_keyword
1102,4183,wife,tmdb_keyword
1103,5606,gang leader,tmdb_keyword
1104,196340,triads,tmdb_keyword
1105,2301,architect,tmdb_keyword
1106,290366,campus romance,tmdb_keyword
1107,9920,royalty,tmdb_keyword
1108,13067,body double,tmdb_keyword
1109,13068,impostor,tmdb_keyword
1110,15126,historical,tmdb_keyword
1111,154794,royal court,tmdb_keyword
1112,188404,masquerade,tmdb_keyword
1113,165450,closet,tmdb_keyword
1114,4052,political instability,tmdb_keyword
1115,165259,political unrest,tmdb_keyword
1116,369820,the gyeyu rebellion,tmdb_keyword
1117,1721,fight,tmdb_keyword
1118,14999,devil,tmdb_keyword
1119,34079,death,tmdb_keyword
1120,12616,dinosaur,tmdb_keyword
1121,319466,mesozoic,tmdb_keyword
1122,319471,tarbosaurus,tmdb_keyword
1123,295448,lebanon,tmdb_keyword
1124,186799,girl group,tmdb_keyword
1125,447,post-traumatic stress disorder (ptsd),tmdb_keyword
1126,2299,abusive father,tmdb_keyword
1127,12423,undocumented immigrant,tmdb_keyword
1128,41172,schoolgirl,tmdb_keyword
1129,161545,alcoholic father,tmdb_keyword
1130,191485,coastal village,tmdb_keyword
1131,229590,exploited immigrants,tmdb_keyword
1132,236625,female police chief,tmdb_keyword
1133,236626,adult child friendship,tmdb_keyword
1134,2534,missile,tmdb_keyword
1135,4595,us army,tmdb_keyword
1136,155652,nuclear,tmdb_keyword
1137,195516,missile threat,tmdb_keyword
1138,228695,east asia,tmdb_keyword
1139,254211,inter-korean summit,tmdb_keyword
1140,1326,infidelity,tmdb_keyword
1141,11869,mistress,tmdb_keyword
1142,155587,mature,tmdb_keyword
1143,190116,school life,tmdb_keyword
1144,185448,gumdo,tmdb_keyword
1145,185449,martial arts spoof,tmdb_keyword
1146,10594,money,tmdb_keyword
1147,10856,bag of money,tmdb_keyword
1148,11100,giant monster,tmdb_keyword
1149,316396,cinephile,tmdb_keyword
1150,261264,dreary,tmdb_keyword
1151,33421,crime family,tmdb_keyword
1152,155294,family conflict,tmdb_keyword
1153,237378,teenage killer,tmdb_keyword
1154,242689,teenage protagonist,tmdb_keyword
1155,6956,treasure hunt,tmdb_keyword
1156,41207,grave robber,tmdb_keyword
1157,161261,demonic possession,tmdb_keyword
1158,172391,catholic priest,tmdb_keyword
1159,191311,comatose,tmdb_keyword
1160,268132,based on short film,tmdb_keyword
1161,530,prophecy,tmdb_keyword
1162,160528,chinese restaurant,tmdb_keyword
1163,210184,1910s,tmdb_keyword
1164,6086,government,tmdb_keyword
1165,2134,press,tmdb_keyword
1166,10410,conspiracy,tmdb_keyword
1167,320373,ação,tmdb_keyword
1168,353329,velocidade,tmdb_keyword
1169,353330,carros,tmdb_keyword
1170,6148,court,tmdb_keyword
1171,10909,lawyer,tmdb_keyword
1172,65,holiday,tmdb_keyword
1173,6135,pharmaceutical industry,tmdb_keyword
1174,9744,outbreak,tmdb_keyword
1175,157634,parasite,tmdb_keyword
1176,208849,biological disaster,tmdb_keyword
1177,1788,chinatown,tmdb_keyword
1178,10041,dysfunctional family,tmdb_keyword
1179,10857,debt collector,tmdb_keyword
1180,160309,child abandonment,tmdb_keyword
1181,11615,internet,tmdb_keyword
1182,33722,true crime,tmdb_keyword
1183,176834,social media,tmdb_keyword
1184,221445,sexual exploitation,tmdb_keyword
1185,299394,internet crime,tmdb_keyword
1186,307587,crime documentary,tmdb_keyword
1187,215483,lost daughter,tmdb_keyword
1188,197335,representation,tmdb_keyword
1189,197336,civil liberties,tmdb_keyword
1190,14534,relationship,tmdb_keyword
1191,158927,police investigation,tmdb_keyword
1192,240628,trust issues,tmdb_keyword
1193,274141,marital conflict,tmdb_keyword
1194,355766,complex relationships,tmdb_keyword
1195,372303,obsessive investigator,tmdb_keyword
1196,372304,troubled husband,tmdb_keyword
1197,372305,unreliable characters,tmdb_keyword
1198,372306,hidden motives,tmdb_keyword
1199,372307,body disappearance,tmdb_keyword
1200,372308,unexpected revelations,tmdb_keyword
1201,373999,crime puzzle,tmdb_keyword
1202,374000,false leads,tmdb_keyword
1203,374001,forensic clues,tmdb_keyword
1204,254,france,tmdb_keyword
1205,1003,photographer,tmdb_keyword
1206,250135,cannes,tmdb_keyword
1207,1422,boat,tmdb_keyword
1208,840,usa president,tmdb_keyword
1209,339,submarine,tmdb_keyword
1210,155392,summit,tmdb_keyword
1211,227612,nuclear submarine,tmdb_keyword
1212,15214,buddy,tmdb_keyword
1213,9715,superhero,tmdb_keyword
1214,5086,telekinesis,tmdb_keyword
1215,9677,psychokinesis,tmdb_keyword
1216,179383,father daughter reunion,tmdb_keyword
1217,262614,yongsan tragedy,tmdb_keyword
1218,1968,prisoner of war,tmdb_keyword
1219,4345,tap dancing,tmdb_keyword
1220,3199,clown,tmdb_keyword
1221,6165,historical figure,tmdb_keyword
1222,193262,jester,tmdb_keyword
1223,329968,bisexual,tmdb_keyword
1224,158558,disabled,tmdb_keyword
1225,180175,cerebral palsy,tmdb_keyword
1226,209173,abandoned,tmdb_keyword
1227,1936,blackmail,tmdb_keyword
1228,264792,political,tmdb_keyword
1229,316605,elections,tmdb_keyword
1230,2321,bunker,tmdb_keyword
1231,4300,parachute,tmdb_keyword
1232,250163,private military company,tmdb_keyword
1233,4833,royal family,tmdb_keyword
1234,169456,crown prince,tmdb_keyword
1235,240560,medical treatment,tmdb_keyword
1236,329140,weiqi,tmdb_keyword
1237,14857,juvenile delinquent,tmdb_keyword
1238,156316,troubled teen,tmdb_keyword
1239,191006,pregnant teen,tmdb_keyword
1240,208591,abortion,tmdb_keyword
1241,208797,homeless teenager,tmdb_keyword
1242,208733,video art,tmdb_keyword
1243,250871,video artist,tmdb_keyword
1244,154842,school teacher,tmdb_keyword
1245,178329,friends in love,tmdb_keyword
1246,3298,hallucination,tmdb_keyword
1247,10886,punishment,tmdb_keyword
1248,160279,18th century,tmdb_keyword
1249,196595,succession,tmdb_keyword
1250,249384,wooden chest,tmdb_keyword
1251,1646,autism,tmdb_keyword
1252,2533,fighter pilot,tmdb_keyword
1253,10399,dogfight,tmdb_keyword
1254,198245,soar into the sun,tmdb_keyword
1255,1691,dance,tmdb_keyword
1256,3551,private school,tmdb_keyword
1257,4896,wish,tmdb_keyword
1258,9823,rivalry,tmdb_keyword
1259,10551,ballet,tmdb_keyword
1260,9974,obesity,tmdb_keyword
1261,2013,attempted murder,tmdb_keyword
1262,166450,south pacific,tmdb_keyword
1263,295902,actress,tmdb_keyword
1264,2551,pet,tmdb_keyword
1265,175510,nunchaku,tmdb_keyword
1266,185413,boys' school,tmdb_keyword
1267,3616,college,tmdb_keyword
1268,54012,young man,tmdb_keyword
1269,298758,life,tmdb_keyword
1270,304108,secondhand bookstore,tmdb_keyword
1271,6025,photography,tmdb_keyword
1272,12335,aunt niece relationship,tmdb_keyword
1273,162124,buried memories,tmdb_keyword
1274,184439,divorced parents,tmdb_keyword
1275,214601,traveling,tmdb_keyword
1276,298636,underworld,tmdb_keyword
1277,33494,couple,tmdb_keyword
1278,8207,crook,tmdb_keyword
1279,2864,one-night stand,tmdb_keyword
1280,11613,live broadcast,tmdb_keyword
1281,155745,anchorman,tmdb_keyword
1282,1628,nationalism,tmdb_keyword
1283,5331,village,tmdb_keyword
1284,162365,military,tmdb_keyword
1285,165431,anti war,tmdb_keyword
1286,13063,car accident,tmdb_keyword
1287,14903,home invasion,tmdb_keyword
1288,156024,corrupt politician,tmdb_keyword
1289,163068,solar storm,tmdb_keyword
1290,166571,hired killer,tmdb_keyword
1291,170646,death threat,tmdb_keyword
1292,186718,corrupt official,tmdb_keyword
1293,199073,wife murder,tmdb_keyword
1294,249204,breaking and entering,tmdb_keyword
1295,7934,call center,tmdb_keyword
1296,160089,underage,tmdb_keyword
1297,11925,domestic violence,tmdb_keyword
1298,15160,divorce,tmdb_keyword
1299,15167,police detective,tmdb_keyword
1300,207240,murder trial,tmdb_keyword
1301,248759,disappeared corpse,tmdb_keyword
1302,4728,knife,tmdb_keyword
1303,10090,board game,tmdb_keyword
1304,14955,fighting,tmdb_keyword
1305,994,paralympics,tmdb_keyword
1306,4505,judo,tmdb_keyword
1307,207556,blind man,tmdb_keyword
1308,18339,human rights,tmdb_keyword
1309,478,china,tmdb_keyword
1310,4373,fraud,tmdb_keyword
1311,282428,financial fraud,tmdb_keyword
1312,327667,phishing,tmdb_keyword
1313,327668,"qingdao, china",tmdb_keyword
1314,1199,netherlands,tmdb_keyword
1315,180662,pyschic,tmdb_keyword
1316,3882,gang of thieves,tmdb_keyword
1317,186189,hidden identity,tmdb_keyword
1318,13035,middle school,tmdb_keyword
1319,163037,lgbt teen,tmdb_keyword
1320,182250,personal growth,tmdb_keyword
1321,172971,elderly,tmdb_keyword
1322,273297,grandmother granddaughter relationship,tmdb_keyword
1323,160330,astronomy,tmdb_keyword
1324,237300,ancient astronomy,tmdb_keyword
1325,300494,king sejong,tmdb_keyword
1326,1346,dance performance,tmdb_keyword
1327,2796,self-discovery,tmdb_keyword
1328,162928,healing process,tmdb_keyword
1329,186747,dance company,tmdb_keyword
1330,1562,hostage,tmdb_keyword
1331,6562,celebrity,tmdb_keyword
1332,162262,movie star,tmdb_keyword
1333,6092,army,tmdb_keyword
1334,177185,videotape,tmdb_keyword
1335,732,coma,tmdb_keyword
1336,207525,grieving father,tmdb_keyword
1337,337830,lucid dream,tmdb_keyword
1338,15009,criminal,tmdb_keyword
1339,1992,professor,tmdb_keyword
1340,1430,self sacrifice,tmdb_keyword
1341,2946,presidential election,tmdb_keyword
1342,9790,house arrest,tmdb_keyword
1343,185644,chief of police,tmdb_keyword
1344,273477,kim dae-jung,tmdb_keyword
1345,320670,korean democracy,tmdb_keyword
1346,320671,korean dictatorship,tmdb_keyword
1347,180074,government official,tmdb_keyword
1348,12627,urban myth,tmdb_keyword
1349,6496,basketball,tmdb_keyword
1350,8635,high school sports,tmdb_keyword
1351,257783,2010s,tmdb_keyword
1352,1438,office,tmdb_keyword
1353,209799,whistleblower,tmdb_keyword
1354,328708,psychological profiling,tmdb_keyword
1355,8642,casanova,tmdb_keyword
1356,15321,police station,tmdb_keyword
1357,231149,mob,tmdb_keyword
1358,5756,man woman relationship,tmdb_keyword
1359,1327,war crimes,tmdb_keyword
1360,193415,testify,tmdb_keyword
1361,223181,comfort women,tmdb_keyword
1362,3581,witness,tmdb_keyword
1363,156456,animal abuse,tmdb_keyword
1364,229853,bystander effect,tmdb_keyword
1365,14743,pianist,tmdb_keyword
1366,2318,choir,tmdb_keyword
1367,12990,singing,tmdb_keyword
1368,350067,cinema,tmdb_keyword
1369,267608,corrupt cop,tmdb_keyword
1370,2346,worker,tmdb_keyword
1371,4112,strike,tmdb_keyword
1372,159783,labor strike,tmdb_keyword
1373,164400,labor union,tmdb_keyword
1374,260518,labor rights,tmdb_keyword
1375,175056,black ops,tmdb_keyword
1376,181635,government conspiracy,tmdb_keyword
1377,204277,pop group,tmdb_keyword
1378,216777,delivery man,tmdb_keyword
1379,161153,sing-along,tmdb_keyword
1380,18027,sibling,tmdb_keyword
1381,12997,dinner,tmdb_keyword
1382,219992,phone game,tmdb_keyword
1383,176227,motherhood,tmdb_keyword
1384,195240,investigative journalism,tmdb_keyword
1385,206075,tv news anchor,tmdb_keyword
1386,209476,boxing,tmdb_keyword
1387,248528,pansori,tmdb_keyword
1388,4342,geisha,tmdb_keyword
1389,195537,forgery,tmdb_keyword
1390,974,bank,tmdb_keyword
1391,6118,finances,tmdb_keyword
1392,3681,economy,tmdb_keyword
1393,165193,financial crisis,tmdb_keyword
1394,177493,stock market,tmdb_keyword
1395,189933,economic crisis,tmdb_keyword
1396,10508,teacher,tmdb_keyword
1397,169866,reflection,tmdb_keyword
1398,199722,sculpturing,tmdb_keyword
1399,1357,fish,tmdb_keyword
1400,1495,fishing,tmdb_keyword
1401,4849,exile,tmdb_keyword
1402,5840,encyclopedia,tmdb_keyword
1403,12999,black and white,tmdb_keyword
1404,207928,19th century,tmdb_keyword
1405,220234,island life,tmdb_keyword
1406,241642,living in exile,tmdb_keyword
1407,2778,florist,tmdb_keyword
1408,251821,grumpy man,tmdb_keyword
1409,2350,"seattle, washington",tmdb_keyword
1410,3248,gigolo,tmdb_keyword
1411,6876,vacation,tmdb_keyword
1412,11412,female prisoner,tmdb_keyword
1413,178883,autumn,tmdb_keyword
1414,7376,princess,tmdb_keyword
1415,248025,matchmaker,tmdb_keyword
1416,6564,terminal illness,tmdb_keyword
1417,736,journalist,tmdb_keyword
1418,187306,presidential campaign,tmdb_keyword
1419,1706,experiment,tmdb_keyword
1420,2367,rehabilitation,tmdb_keyword
1421,33610,gym,tmdb_keyword
1422,33910,high school student,tmdb_keyword
1423,161891,doppelgänger,tmdb_keyword
1424,175681,gluttony,tmdb_keyword
1425,278777,mukbang,tmdb_keyword
1426,314756,tiktok,tmdb_keyword
1427,161184,reboot,tmdb_keyword
1428,238675,high school girl,tmdb_keyword
1429,2011,queen,tmdb_keyword
1430,8624,climbing,tmdb_keyword
1431,160177,mountaineering,tmdb_keyword
1432,217123,mountain rescue,tmdb_keyword
1433,198257,love fiction,tmdb_keyword
1434,5969,black money,tmdb_keyword
1435,184116,hedge fund,tmdb_keyword
1436,733,dancer,tmdb_keyword
1437,272385,mayoral election,tmdb_keyword
1438,1308,secret identity,tmdb_keyword
1439,156091,missing person,tmdb_keyword
1440,381376,financial suspense,tmdb_keyword
1441,5968,amazon rainforest,tmdb_keyword
1442,210856,amazon tribe,tmdb_keyword
1443,9758,deception,tmdb_keyword
1444,10352,phobia,tmdb_keyword
1445,33656,pervert,tmdb_keyword
1446,41329,mental illness,tmdb_keyword
1447,222974,rich family,tmdb_keyword
1448,317833,mysophobia,tmdb_keyword
1449,46960,reformatory,tmdb_keyword
1450,313317,crime suspense,tmdb_keyword
1451,189368,barber,tmdb_keyword
1452,167696,healing,tmdb_keyword
1453,236988,pet adoption,tmdb_keyword
1454,281237,independent film,tmdb_keyword
1455,158774,terrorist attack,tmdb_keyword
1456,1529,buddhist monk,tmdb_keyword
1457,198762,dictionary,tmdb_keyword
1458,241705,word,tmdb_keyword
1459,428,nurse,tmdb_keyword
1460,3679,society,tmdb_keyword
1461,1715,symbolism,tmdb_keyword
1462,11612,hospital,tmdb_keyword
1463,163997,job seeking,tmdb_keyword
1464,260932,social problems,tmdb_keyword
1465,191266,sterilization,tmdb_keyword
1466,207841,chemical disaster,tmdb_keyword
1467,220923,field trip,tmdb_keyword
1468,250707,sewol,tmdb_keyword
1469,282988,friends to lovers,tmdb_keyword
1470,296608,teenager,tmdb_keyword
1471,1735,amateur detective,tmdb_keyword
1472,159948,blogger,tmdb_keyword
1473,235371,youth boy,tmdb_keyword
1474,3864,fake identity,tmdb_keyword
1475,179577,assassination plan,tmdb_keyword
1476,5440,adversary,tmdb_keyword
1477,159607,grifter,tmdb_keyword
1478,206718,cons and scams,tmdb_keyword
1479,220613,serial dating,tmdb_keyword
1480,9774,prison guard,tmdb_keyword
1481,2679,artist,tmdb_keyword
1482,2936,artists' life,tmdb_keyword
1483,437,painter,tmdb_keyword
1484,13160,university,tmdb_keyword
1485,7248,marathon,tmdb_keyword
1486,207883,1940s,tmdb_keyword
1487,229773,boston marathon,tmdb_keyword
1488,274126,athlete,tmdb_keyword
1489,9468,liar,tmdb_keyword
1490,33850,female politician,tmdb_keyword
1491,181655,congressman,tmdb_keyword
1492,263107,congresswoman,tmdb_keyword
1493,9917,mixed martial arts (mma),tmdb_keyword
1494,11772,cage fighting,tmdb_keyword
1495,338115,muism,tmdb_keyword
1496,934,judge,tmdb_keyword
1497,201843,conglomerate,tmdb_keyword
1498,257229,daegu,tmdb_keyword
1499,212649,bad father,tmdb_keyword
1500,898,hip-hop,tmdb_keyword
1501,207693,return home,tmdb_keyword
1502,347138,school horror,tmdb_keyword
1503,4344,musical,tmdb_keyword
1504,10873,school,tmdb_keyword
1505,300495,hangul,tmdb_keyword
1506,6038,marriage,tmdb_keyword
1507,5320,cake,tmdb_keyword
1508,7397,bakery,tmdb_keyword
1509,1420,gas station,tmdb_keyword
1510,5879,anarchist,tmdb_keyword
1511,7188,hostage-taking,tmdb_keyword
1512,8132,hooligan,tmdb_keyword
1513,178097,migrant worker,tmdb_keyword
1514,199600,call,tmdb_keyword
1515,203322,dramedy,tmdb_keyword
1516,350689,children,tmdb_keyword
1517,180825,teenage gang,tmdb_keyword
1518,612,hotel,tmdb_keyword
1519,188925,brunette,tmdb_keyword
1520,235067,almond,tmdb_keyword
1521,183817,stock exchange,tmdb_keyword
1522,10631,stockbroker,tmdb_keyword
1523,234814,financial market,tmdb_keyword
1524,209868,young offender,tmdb_keyword
1525,227949,broken,tmdb_keyword
1526,364479,juvenile justice,tmdb_keyword
1527,11061,debt,tmdb_keyword
1528,18040,loan,tmdb_keyword
1529,188745,new town,tmdb_keyword
1530,191045,revenge killing,tmdb_keyword
1531,208766,poor woman,tmdb_keyword
1532,254246,find a job,tmdb_keyword
1533,8570,president,tmdb_keyword
1534,41019,car explosion,tmdb_keyword
1535,158627,train explosion,tmdb_keyword
1536,179569,terrorist bombing,tmdb_keyword
1537,180199,gun shooting,tmdb_keyword
1538,182216,bomb explosion,tmdb_keyword
1539,215120,police agent,tmdb_keyword
1540,219440,bitcoin,tmdb_keyword
1541,226610,jakarta,tmdb_keyword
1542,282997,city,tmdb_keyword
1543,330493,crypto,tmdb_keyword
1544,10818,author,tmdb_keyword
1545,208368,divorced couple,tmdb_keyword
1546,252977,slump,tmdb_keyword
1547,254517,jeju uprising,tmdb_keyword
1548,237451,isekai,tmdb_keyword
1549,269958,trapped in a game,tmdb_keyword
1550,11033,first lady,tmdb_keyword
1551,364284,2024 south korean martial law,tmdb_keyword
1552,585,casino,tmdb_keyword
1553,3816,intention,tmdb_keyword
1554,162706,temptation,tmdb_keyword
1555,177554,stealing money,tmdb_keyword
1556,185077,macao,tmdb_keyword
1557,9730,crime boss,tmdb_keyword
1558,210662,cold case,tmdb_keyword
1559,269233,good versus evil,tmdb_keyword
1560,5526,ping pong,tmdb_keyword
1561,260672,korea,tmdb_keyword
1562,917,journalism,tmdb_keyword
1563,169725,sick child,tmdb_keyword
1564,1599,midlife crisis,tmdb_keyword
1565,3371,family history,tmdb_keyword
1566,5683,family business ,tmdb_keyword
1567,1890,camping,tmdb_keyword
1568,6095,house,tmdb_keyword
1569,219381,couchsurfing,tmdb_keyword
1570,3692,scandal,tmdb_keyword
1571,4359,punch,tmdb_keyword
1572,11454,scam,tmdb_keyword
1573,227975,hidden agenda,tmdb_keyword
1574,1224,radio station,tmdb_keyword
1575,319785,running,tmdb_keyword
1576,5160,animal attack,tmdb_keyword
1577,4411,sexism,tmdb_keyword
1578,212424,killer dog,tmdb_keyword
1579,323114,crime,tmdb_keyword
1580,1421,birthday,tmdb_keyword
1581,9928,bereavement,tmdb_keyword
1582,380057,"gyeongju, south korea",tmdb_keyword
1583,345407,three sisters,tmdb_keyword
1584,191845,bank heist,tmdb_keyword
1585,8102,elementary school,tmdb_keyword
1586,251961,drug,tmdb_keyword
1587,6483,ice hockey,tmdb_keyword
1588,3476,ski jump,tmdb_keyword
1589,836,resistance,tmdb_keyword
1590,18185,bike,tmdb_keyword
1591,2020,revolution,tmdb_keyword
1592,155794,physical abuse,tmdb_keyword
1593,244663,time skip,tmdb_keyword
1594,290707,wrongfully accused,tmdb_keyword
1595,320250,sudden deafness,tmdb_keyword
1596,155790,private detective,tmdb_keyword
1597,180172,framed for murder,tmdb_keyword
1598,7629,family clan,tmdb_keyword
1599,188727,imperial japan,tmdb_keyword
1600,5744,governor,tmdb_keyword
1601,328,insulin,tmdb_keyword
1602,9844,car crash,tmdb_keyword
1603,157959,surgery,tmdb_keyword
1604,41389,old car,tmdb_keyword
1605,237105,downward spiral,tmdb_keyword
1606,185525,private eye,tmdb_keyword
1607,239901,film school,tmdb_keyword
1608,15479,fashion,tmdb_keyword
1609,173242,modeling,tmdb_keyword
1610,18005,high school friends,tmdb_keyword
1611,41368,former best friend,tmdb_keyword
1612,159138,death of son,tmdb_keyword
1613,171411,teen suicide,tmdb_keyword
1614,209941,death of best friend,tmdb_keyword
1615,210108,"perth, australia",tmdb_keyword
1616,295702,death game,tmdb_keyword
1617,176625,taekwondo,tmdb_keyword
1618,250606,queer,tmdb_keyword
1619,286187,sapphic,tmdb_keyword
1620,337664,ice planet,tmdb_keyword
1621,330101,회귀,tmdb_keyword
1622,330719,코미디,tmdb_keyword
1623,330857,학원,tmdb_keyword
1624,1946,restaurant,tmdb_keyword
1625,217930,french cuisine,tmdb_keyword
1626,1963,expedition,tmdb_keyword
1627,272553,psychological,tmdb_keyword
1628,288649,arctic,tmdb_keyword
1629,316332,mystery,tmdb_keyword
1630,176425,creepy neighbor,tmdb_keyword
1631,9075,flamenco,tmdb_keyword
1632,164657,perfectionist,tmdb_keyword
1633,181109,mother daughter estrangement,tmdb_keyword
1634,235031,bully victim,tmdb_keyword
1635,235797,dance film,tmdb_keyword
1636,244133,civil servant,tmdb_keyword
1637,252154,public servant,tmdb_keyword
1638,268806,office worker,tmdb_keyword
1639,342887,perfectionism,tmdb_keyword
1640,208043,bar exam,tmdb_keyword
1641,222774,crypto-currencies,tmdb_keyword
1642,263647,trot music,tmdb_keyword
1643,189868,rumor,tmdb_keyword
1644,7335,lawsuit,tmdb_keyword
1645,1900,immigration,tmdb_keyword
1646,2658,new zealand,tmdb_keyword
1647,156063,expatriate,tmdb_keyword
1648,6158,cult,tmdb_keyword
1649,223268,group home,tmdb_keyword
1650,255218,childcare facility,tmdb_keyword
1651,1969,map,tmdb_keyword
1652,273170,map of the east,tmdb_keyword
1653,273171,gosanja,tmdb_keyword
1654,2103,old town,tmdb_keyword
1655,217313,tea house,tmdb_keyword
1656,5933,poet,tmdb_keyword
1657,209506,college freshman,tmdb_keyword
1658,254503,study abroad,tmdb_keyword
1659,260670,silla,tmdb_keyword
1660,260671,baekje,tmdb_keyword
1661,4048,musician,tmdb_keyword
1662,919,smoking,tmdb_keyword
1663,2334,nightclub,tmdb_keyword
1664,6955,parkour,tmdb_keyword
1665,320383,misfits,tmdb_keyword
1666,5153,son,tmdb_keyword
1667,9118,unorthodox,tmdb_keyword
1668,288422,change the past,tmdb_keyword
1669,326507,predestination,tmdb_keyword
1670,14893,art,tmdb_keyword
1671,156181,lecture,tmdb_keyword
1672,304191,walking-talking,tmdb_keyword
1673,157799,older woman younger man relationship,tmdb_keyword
1674,212914,"warsaw, poland",tmdb_keyword
1675,5420,fisherman,tmdb_keyword
1676,18514,death of family,tmdb_keyword
1677,1480,baseball,tmdb_keyword
1678,1643,deaf,tmdb_keyword
1679,2619,suspicion of murder,tmdb_keyword
1680,5951,sudan,tmdb_keyword
1681,245936,신비아파트,tmdb_keyword
1682,220266,fandom,tmdb_keyword
1683,272745,screenlife,tmdb_keyword
1684,316362,thriller,tmdb_keyword
1685,178909,runaway child,tmdb_keyword
1686,282667,age-gap relationship,tmdb_keyword
1687,230550,sports gambling,tmdb_keyword
1688,204357,cardinal,tmdb_keyword
1689,3485,comedian,tmdb_keyword
1690,11800,mockumentary,tmdb_keyword
1691,730,factory worker,tmdb_keyword
1692,208349,kids,tmdb_keyword
1693,263548,short film,tmdb_keyword
1694,256853,hospice,tmdb_keyword
1695,11634,live performance,tmdb_keyword
1696,156205,concert film,tmdb_keyword
1697,265347,bread,tmdb_keyword
1698,18447,japanese woman,tmdb_keyword
1699,330161,korean indie,tmdb_keyword
1700,41645,based on video game,tmdb_keyword
1701,8338,coach,tmdb_keyword
1702,255201,former athlete,tmdb_keyword
1703,288236,temporary amnesia,tmdb_keyword
1704,299716,village setting,tmdb_keyword
1705,352346,roommates' relationship,tmdb_keyword
1706,375289,former criminal,tmdb_keyword
1707,18249,game,tmdb_keyword
1708,40870,race,tmdb_keyword
1709,194610,variety show,tmdb_keyword
1710,271944,serene,tmdb_keyword
1711,2470,education,tmdb_keyword
1712,3065,minister,tmdb_keyword
1713,4801,respect,tmdb_keyword
1714,7920,violence in schools,tmdb_keyword
1715,159947,parents,tmdb_keyword
1716,163077,military veteran,tmdb_keyword
1717,166100,fight the system,tmdb_keyword
1718,194451,social issues,tmdb_keyword
1719,210540,life lessons,tmdb_keyword
1720,286899,students,tmdb_keyword
1721,323477,based on manhwa,tmdb_keyword
1722,282986,enemies to lovers,tmdb_keyword
1723,6513,cartoon,tmdb_keyword
1724,10046,mecha,tmdb_keyword
1725,18257,educational,tmdb_keyword
1726,197692,pre-school,tmdb_keyword
1727,282847,skilled fighter,tmdb_keyword
1728,293194,youth,tmdb_keyword
1729,295738,school bullying,tmdb_keyword
1730,325809,enthusiastic,tmdb_keyword
1731,360628,&team,tmdb_keyword
1732,3271,secret organization,tmdb_keyword
1733,5399,challenge,tmdb_keyword
1734,12100,fictional game show,tmdb_keyword
1735,14624,cruelty,tmdb_keyword
1736,168547,prize,tmdb_keyword
1737,14941,martial artist,tmdb_keyword
1738,159909,veteran,tmdb_keyword
1739,2035,mythology,tmdb_keyword
1740,2343,magic,tmdb_keyword
1741,175428,adventurer,tmdb_keyword
1742,327471,anime inspired,tmdb_keyword
1743,377550,cultivation,tmdb_keyword
1744,229197,single man,tmdb_keyword
1745,234660,single woman,tmdb_keyword
1746,273821,mother and son,tmdb_keyword
1747,7002,vigilante,tmdb_keyword
1748,18118,disguise,tmdb_keyword
1749,163119,injustice,tmdb_keyword
1750,5890,community,tmdb_keyword
1751,15108,justice,tmdb_keyword
1752,208646,hidden money,tmdb_keyword
1753,269130,former gangster,tmdb_keyword
1754,290420,part-time worker,tmdb_keyword
1755,322268,comedy,tmdb_keyword
1756,352496,neighbors,tmdb_keyword
1757,371369,corrupción,tmdb_keyword
1758,373616,neigbors' relationship,tmdb_keyword
1759,375280,secrets,tmdb_keyword
1760,376863,apartment setting,tmdb_keyword
1761,377951,residents' association,tmdb_keyword
1762,379564,fake family,tmdb_keyword
1763,292887,magical girl,tmdb_keyword
1764,351,poison,tmdb_keyword
1765,802,regret,tmdb_keyword
1766,894,depression,tmdb_keyword
1767,1402,general,tmdb_keyword
1768,1475,telepathy,tmdb_keyword
1769,3219,precognition,tmdb_keyword
1770,3446,forgiveness,tmdb_keyword
1771,3822,teleportation,tmdb_keyword
1772,4978,immortality,tmdb_keyword
1773,5484,reincarnation,tmdb_keyword
1774,7277,love-hate relationship,tmdb_keyword
1775,10855,fate,tmdb_keyword
1776,34004,second chance,tmdb_keyword
1777,34265,heartbreak,tmdb_keyword
1778,156835,hypnotism,tmdb_keyword
1779,163545,healing power,tmdb_keyword
1780,164193,uncle nephew relationship,tmdb_keyword
1781,165086,star crossed lovers,tmdb_keyword
1782,171206,graduate,tmdb_keyword
1783,189094,goblin,tmdb_keyword
1784,189115,invisibility,tmdb_keyword
1785,189141,rich man poor woman,tmdb_keyword
1786,191814,past life,tmdb_keyword
1787,196975,supernatural phenomena,tmdb_keyword
1788,208397,death of wife,tmdb_keyword
1789,212760,interspecies romance,tmdb_keyword
1790,220800,time-manipulation,tmdb_keyword
1791,232533,immortal,tmdb_keyword
1792,237945,cohabitation,tmdb_keyword
1793,250461,supernatural being,tmdb_keyword
1794,282976,secondary couple,tmdb_keyword
1795,282984,slow burn romance,tmdb_keyword
1796,285712,hidden past,tmdb_keyword
1797,285853,lovers separated,tmdb_keyword
1798,286133,memory eraser,tmdb_keyword
1799,287476,heartfelt,tmdb_keyword
1800,290764,elemental powers,tmdb_keyword
1801,298248,family pressure,tmdb_keyword
1802,299707,enemies to friends,tmdb_keyword
1803,299842,contract relationship,tmdb_keyword
1804,315058,horror,tmdb_keyword
1805,271,competition,tmdb_keyword
1806,10132,matchmaking,tmdb_keyword
1807,197474,bonding,tmdb_keyword
1808,215119,dating show,tmdb_keyword
1809,291807,reality show,tmdb_keyword
1810,304976,romantic drama,tmdb_keyword
1811,324016,male female friendship,tmdb_keyword
1812,358387,multiple couples,tmdb_keyword
1813,358999,blind dating,tmdb_keyword
1814,3289,villain,tmdb_keyword
1815,11162,miniseries,tmdb_keyword
1816,155030,superhero team,tmdb_keyword
1817,194404,supervillain,tmdb_keyword
1818,325832,joyful,tmdb_keyword
1819,3258,beauty,tmdb_keyword
1820,15320,insecurity,tmdb_keyword
1821,34130,makeover,tmdb_keyword
1822,214664,beauty standards,tmdb_keyword
1823,317608,popular boy,tmdb_keyword
1824,2754,trauma,tmdb_keyword
1825,232440,isolationism,tmdb_keyword
1826,257412,human nature,tmdb_keyword
1827,3262,surgeon,tmdb_keyword
1828,167925,employer employee relationship,tmdb_keyword
1829,168835,emergency surgery,tmdb_keyword
1830,177127,emergency room,tmdb_keyword
1831,208788,medical drama,tmdb_keyword
1832,238822,emergency medicine,tmdb_keyword
1833,317189,trauma center,tmdb_keyword
1834,317312,triple board surgeon,tmdb_keyword
1835,317936,general surgery,tmdb_keyword
1836,317937,cardiothoracic surgery,tmdb_keyword
1837,317939,orthopedic surgery,tmdb_keyword
1838,317940,neurological surgery,tmdb_keyword
1839,275276,feelgood,tmdb_keyword
1840,11322,female protagonist,tmdb_keyword
1841,325779,brisk,tmdb_keyword
1842,325808,enraged,tmdb_keyword
1843,13153,spirit,tmdb_keyword
1844,377009,court lady,tmdb_keyword
1845,3071,prince,tmdb_keyword
1846,12367,female assassin,tmdb_keyword
1847,14731,martial arts master,tmdb_keyword
1848,161395,alchemy,tmdb_keyword
1849,177912,wizard,tmdb_keyword
1850,189748,soul transference,tmdb_keyword
1851,314412,cheerful girl,tmdb_keyword
1852,321314,master apprentice relationship,tmdb_keyword
1853,5138,gas,tmdb_keyword
1854,3012,court case,tmdb_keyword
1855,33519,courtroom,tmdb_keyword
1856,162813,law firm,tmdb_keyword
1857,191446,inspiring,tmdb_keyword
1858,274928,slight romance,tmdb_keyword
1859,298545,legal,tmdb_keyword
1860,5707,childhood trauma,tmdb_keyword
1861,186425,demon hunter,tmdb_keyword
1862,9276,truck,tmdb_keyword
1863,10084,rescue,tmdb_keyword
1864,310324,car,tmdb_keyword
1865,322942,adventure,tmdb_keyword
1866,18001,rock band,tmdb_keyword
1867,184430,divorced man,tmdb_keyword
1868,238608,colleagues,tmdb_keyword
1869,34143,rich,tmdb_keyword
1870,207185,married life,tmdb_keyword
1871,219833,married man,tmdb_keyword
1872,324571,second chance romance,tmdb_keyword
1873,285903,raised abroad,tmdb_keyword
1874,184312,mind game,tmdb_keyword
1875,285902,student,tmdb_keyword
1876,360404,school setting,tmdb_keyword
1877,362567,mind-bending,tmdb_keyword
1878,376216,mentor-mentee relationship,tmdb_keyword
1879,11677,secretary,tmdb_keyword
1880,185959,narcissist,tmdb_keyword
1881,193533,vice president,tmdb_keyword
1882,10481,tension,tmdb_keyword
1883,41185,heiress,tmdb_keyword
1884,156941,paragliding,tmdb_keyword
1885,207819,accident,tmdb_keyword
1886,223162,accidental love,tmdb_keyword
1887,5785,model student,tmdb_keyword
1888,228924,gifted children,tmdb_keyword
1889,288346,band member,tmdb_keyword
1890,320066,child of deaf adult,tmdb_keyword
1891,190076,secret relationship,tmdb_keyword
1892,199764,family disapproval,tmdb_keyword
1893,343249,male chases female first,tmdb_keyword
1894,293198,fantasy,tmdb_keyword
1895,391,flying car,tmdb_keyword
1896,1507,clock,tmdb_keyword
1897,2213,tornado,tmdb_keyword
1898,2527,fox,tmdb_keyword
1899,3028,penguin,tmdb_keyword
1900,3185,crocodile,tmdb_keyword
1901,3373,snowstorm,tmdb_keyword
1902,6678,polar bear,tmdb_keyword
1903,9932,feud,tmdb_keyword
1904,12554,dragon,tmdb_keyword
1905,15097,shark,tmdb_keyword
1906,41265,hummingbird,tmdb_keyword
1907,156546,talking car,tmdb_keyword
1908,236458,magician,tmdb_keyword
1909,251449,cartoon bird,tmdb_keyword
1910,326337,cartoon beaver,tmdb_keyword
1911,11157,sibling rivalry,tmdb_keyword
1912,4906,suspension,tmdb_keyword
1913,256183,supernatural horror,tmdb_keyword
1914,260780,mobile app,tmdb_keyword
1915,365374,teen,tmdb_keyword
1916,377660,k-shamanism,tmdb_keyword
1917,5609,nostalgia,tmdb_keyword
1918,325782,cheerful,tmdb_keyword
1919,203857,penthouse,tmdb_keyword
1920,6256,truth,tmdb_keyword
1921,324886,bitter,tmdb_keyword
1922,159315,mental health,tmdb_keyword
1923,165836,unspoken love,tmdb_keyword
1924,241804,toxic relationship,tmdb_keyword
1925,263398,film industry,tmdb_keyword
1926,280263,anxiety,tmdb_keyword
1927,293851,inner conflict,tmdb_keyword
1928,324282,success vs. failure,tmdb_keyword
1929,345726,overthinking,tmdb_keyword
1930,355123,emotional trauma,tmdb_keyword
1931,366719,hiddenpain,tmdb_keyword
1932,371412,academic pressure,tmdb_keyword
1933,371413,career pressure,tmdb_keyword
1934,371414,fake smiles,tmdb_keyword
1935,371415,emotional scars,tmdb_keyword
1936,371416,reality check,tmdb_keyword
1937,165301,opposites attract,tmdb_keyword
1938,174420,intern,tmdb_keyword
1939,244064,pretending to be poor,tmdb_keyword
1940,250368,smile,tmdb_keyword
1941,9990,villainess,tmdb_keyword
1942,10375,possessed,tmdb_keyword
1943,12320,transmigration,tmdb_keyword
1944,276014,historical comedy,tmdb_keyword
1945,293161,yearning,tmdb_keyword
1946,369532,past and present,tmdb_keyword
1947,372397,identity confusion,tmdb_keyword
1948,373781,spirit possession,tmdb_keyword
1949,376938,cursed love,tmdb_keyword
1950,377626,rewriting destiny,tmdb_keyword
1951,378038,rewriting fate,tmdb_keyword
1952,4480,businessman,tmdb_keyword
1953,4513,blind date,tmdb_keyword
1954,161506,heir,tmdb_keyword
1955,6112,firearm,tmdb_keyword
1956,246238,guns,tmdb_keyword
1957,158372,military life,tmdb_keyword
1958,161249,military police,tmdb_keyword
1959,191110,army base,tmdb_keyword
1960,256711,military camp,tmdb_keyword
1961,286125,gritty,tmdb_keyword
1962,167656,rich parents,tmdb_keyword
1963,204395,rich kids,tmdb_keyword
1964,238374,reverse harem,tmdb_keyword
1965,262371,police drama,tmdb_keyword
1966,2157,hacker,tmdb_keyword
1967,206298,young adult,tmdb_keyword
1968,192772,historical drama,tmdb_keyword
1969,11827,swimmer,tmdb_keyword
1970,228795,butterfly effect,tmdb_keyword
1971,281585,inspirational,tmdb_keyword
1972,287664,idol,tmdb_keyword
1973,356124,enduring love,tmdb_keyword
1974,211197,mysterious death,tmdb_keyword
1975,221936,night games,tmdb_keyword
1976,323373,deciding vote,tmdb_keyword
1977,324776,mafia game,tmdb_keyword
1978,326330,kampus,tmdb_keyword
1979,2803,affectation,tmdb_keyword
1980,14522,co-workers relationship,tmdb_keyword
1981,238719,virtual world,tmdb_keyword
1982,15363,bank robbery,tmdb_keyword
1983,18233,hostage situation,tmdb_keyword
1984,298602,korean reunification,tmdb_keyword
1985,1675,illustrator,tmdb_keyword
1986,3156,brotherhood,tmdb_keyword
1987,10371,antisocial personality disorder,tmdb_keyword
1988,10445,anti-social,tmdb_keyword
1989,155209,caregiver,tmdb_keyword
1990,208370,traumatic childhood,tmdb_keyword
1991,210586,dark fairy tale,tmdb_keyword
1992,240958,autistic,tmdb_keyword
1993,247152,female writer,tmdb_keyword
1994,6625,family secrets,tmdb_keyword
1995,8081,entrance examination,tmdb_keyword
1996,9309,elite,tmdb_keyword
1997,11514,social satire,tmdb_keyword
1998,260779,privilege,tmdb_keyword
1999,325801,distressing,tmdb_keyword
2000,163764,death of brother,tmdb_keyword
2001,325766,antagonistic,tmdb_keyword
2002,325772,assertive,tmdb_keyword
2003,4776,race against time,tmdb_keyword
2004,68646,supernatural creature,tmdb_keyword
2005,262045,religious group,tmdb_keyword
2006,342828,violent,tmdb_keyword
2007,11036,obsessive compulsive disorder (ocd),tmdb_keyword
2008,208235,cleaning service,tmdb_keyword
2009,226028,eccentric man,tmdb_keyword
2010,992,bus,tmdb_keyword
2011,18293,chef,tmdb_keyword
2012,194998,curious,tmdb_keyword
2013,190536,genie,tmdb_keyword
2014,224638,growth,tmdb_keyword
2015,248927,found family,tmdb_keyword
2016,12090,cross dressing,tmdb_keyword
2017,15016,twins,tmdb_keyword
2018,274334,gender bender,tmdb_keyword
2019,172471,divorce lawyer,tmdb_keyword
2020,284631,law,tmdb_keyword
2021,154846,farmer,tmdb_keyword
2022,225012,satirical,tmdb_keyword
2023,325773,audacious,tmdb_keyword
2024,5956,stuntman,tmdb_keyword
2025,10812,airplane accident,tmdb_keyword
2026,11171,vagabond,tmdb_keyword
2027,2660,strong woman,tmdb_keyword
2028,4719,mongolia,tmdb_keyword
2029,179102,superhuman strength,tmdb_keyword
2030,323561,super vision,tmdb_keyword
2031,323562,super fast,tmdb_keyword
2032,2831,slavery,tmdb_keyword
2033,155300,tribal,tmdb_keyword
2034,170362,fantasy world,tmdb_keyword
2035,204353,identical twin,tmdb_keyword
2036,211227,high fantasy,tmdb_keyword
2037,371044,korean supernatural,tmdb_keyword
2038,307897,corrupt legal system,tmdb_keyword
2039,14673,disease,tmdb_keyword
2040,227964,fake marriage,tmdb_keyword
2041,347380,healthy main's relationship,tmdb_keyword
2042,185742,emancipation,tmdb_keyword
2043,204152,real life,tmdb_keyword
2044,309426,understated,tmdb_keyword
2045,2471,monarchy,tmdb_keyword
2046,33465,parallel world,tmdb_keyword
2047,33857,female prime minister,tmdb_keyword
2048,160342,female detective,tmdb_keyword
2049,193400,teen drama,tmdb_keyword
2050,270813,clinical,tmdb_keyword
2051,161207,catholicism,tmdb_keyword
2052,161982,murder investigation,tmdb_keyword
2053,181226,politcs,tmdb_keyword
2054,848,double life,tmdb_keyword
2055,5918,painting,tmdb_keyword
2056,215016,swindling,tmdb_keyword
2057,257081,traumatized man,tmdb_keyword
2058,329890,creativity,tmdb_keyword
2059,4325,game show,tmdb_keyword
2060,10196,role playing,tmdb_keyword
2061,222083,cooking competition,tmdb_keyword
2062,6423,guesthouse,tmdb_keyword
2063,193171,sitcom,tmdb_keyword
2064,11836,contest,tmdb_keyword
2065,163223,prize money,tmdb_keyword
2066,224986,strategy game,tmdb_keyword
2067,316106,alliance,tmdb_keyword
2068,179507,cash,tmdb_keyword
2069,295504,powers,tmdb_keyword
2070,323554,salaryman,tmdb_keyword
2071,10226,neighbor,tmdb_keyword
2072,14648,parent,tmdb_keyword
2073,39737,seaside,tmdb_keyword
2074,209792,candid,tmdb_keyword
2075,249135,smart,tmdb_keyword
2076,3664,research,tmdb_keyword
2077,12185,moon base,tmdb_keyword
2078,250049,2070s,tmdb_keyword
2079,266186,silent,tmdb_keyword
2080,298524,science mystery,tmdb_keyword
2081,298525,space mystery,tmdb_keyword
2082,170521,gynecologist,tmdb_keyword
2083,248460,obstetrics,tmdb_keyword
2084,257303,medical resident,tmdb_keyword
2085,1523,obsession,tmdb_keyword
2086,161257,medieval,tmdb_keyword
2087,235499,10th century,tmdb_keyword
2088,298519,court intrigue,tmdb_keyword
2089,2692,arranged marriage,tmdb_keyword
2090,188953,sign languages,tmdb_keyword
2091,291153,grand,tmdb_keyword
2092,316421,drama,tmdb_keyword
2093,3686,marriage of convenience,tmdb_keyword
2094,212673,housemates,tmdb_keyword
2095,247199,entertainment industry,tmdb_keyword
2096,266244,aspiring actress,tmdb_keyword
2097,365724,그알,tmdb_keyword
2098,189964,high school rivalry,tmdb_keyword
2099,220487,rich vs poor,tmdb_keyword
2100,340090,suspence,tmdb_keyword
2101,232592,gender swap,tmdb_keyword
2102,319397,witty,tmdb_keyword
2103,173186,teenage pregnancy,tmdb_keyword
2104,255338,age change,tmdb_keyword
2105,208841,incident,tmdb_keyword
2106,18060,divorced woman,tmdb_keyword
2107,222517,legal drama,tmdb_keyword
2108,325830,informative,tmdb_keyword
2109,174240,juvenile crime,tmdb_keyword
2110,174258,juvenile detention center,tmdb_keyword
2111,325817,foreboding,tmdb_keyword
2112,2992,diva,tmdb_keyword
2113,155746,deserted island,tmdb_keyword
2114,250634,talent agency,tmdb_keyword
2115,319357,heartwarming,tmdb_keyword
2116,2122,death penalty,tmdb_keyword
2117,11523,capital punishment,tmdb_keyword
2118,12362,voting,tmdb_keyword
2119,163118,social justice,tmdb_keyword
2120,197255,cybersecurity,tmdb_keyword
2121,220929,criminal justice,tmdb_keyword
2122,259403,viral,tmdb_keyword
2123,301420,smartphone,tmdb_keyword
2124,34142,jobless,tmdb_keyword
2125,238304,suicide prevention,tmdb_keyword
2126,5457,mythical creature,tmdb_keyword
2127,158276,metamorphosis,tmdb_keyword
2128,185343,"based on myths, legends or folklore",tmdb_keyword
2129,273025,gumiho,tmdb_keyword
2130,294867,nine-tailed fox,tmdb_keyword
2131,3358,haunted house,tmdb_keyword
2132,268104,kid-friendly horror,tmdb_keyword
2133,287501,korean anime,tmdb_keyword
2134,158039,hotel manager,tmdb_keyword
2135,275693,reality tv,tmdb_keyword
2136,339347,real variety show,tmdb_keyword
2137,344051,korean variety show,tmdb_keyword
2138,360186,reality series,tmdb_keyword
2139,234212,childhood sweethearts,tmdb_keyword
2140,241738,sister sister relationship,tmdb_keyword
2141,267876,relaxed,tmdb_keyword
2142,250211,korean empire,tmdb_keyword
2143,221135,college life,tmdb_keyword
2144,195013,costume drama,tmdb_keyword
2145,182347,secluded cabin,tmdb_keyword
2146,287406,remote inn,tmdb_keyword
2147,319190,suspense thriller,tmdb_keyword
2148,211012,psychiatric nurse,tmdb_keyword
2149,17972,plastic surgeon,tmdb_keyword
2150,157192,hardship,tmdb_keyword
2151,283461,rivals to lovers,tmdb_keyword
2152,326411,anesthesiologist,tmdb_keyword
2153,816,walking,tmdb_keyword
2154,4902,surprise,tmdb_keyword
2155,192749,free time,tmdb_keyword
2156,297289,daily routine,tmdb_keyword
2157,331487,walking around,tmdb_keyword
2158,262706,music show,tmdb_keyword
2159,155251,novelist,tmdb_keyword
2160,205607,unlucky,tmdb_keyword
2161,293399,brain cancer,tmdb_keyword
2162,12570,whodunit,tmdb_keyword
2163,170148,pro bono,tmdb_keyword
2164,3713,chase,tmdb_keyword
2165,352644,lovers reunion,tmdb_keyword
2166,12279,family drama,tmdb_keyword
2167,277478,tv show,tmdb_keyword
2168,332785,young and single,tmdb_keyword
2169,346870,dating documentary,tmdb_keyword
2170,303672,missing girl,tmdb_keyword
2171,9104,partner,tmdb_keyword
2172,162296,ex-boyfriend ex-girlfriend relationship,tmdb_keyword
2173,9639,playboy,tmdb_keyword
2174,274216,friends with benefits,tmdb_keyword
2175,1983,pharmacist,tmdb_keyword
2176,6202,spring,tmdb_keyword
2177,207447,librarian,tmdb_keyword
2178,5938,mermaid,tmdb_keyword
2179,6044,promise,tmdb_keyword
2180,15112,naive,tmdb_keyword
2181,173003,evil stepmother,tmdb_keyword
2182,276156,joseon,tmdb_keyword
2183,226745,rare disease,tmdb_keyword
2184,701,cuba,tmdb_keyword
2185,7579,rich woman poor man,tmdb_keyword
2186,234621,holiday abroad,tmdb_keyword
2187,283006,disapproving parent,tmdb_keyword
2188,5330,fencing,tmdb_keyword
2189,218037,broken promise,tmdb_keyword
2190,292593,intimate,tmdb_keyword
2191,156039,space station,tmdb_keyword
2192,191132,space exploration,tmdb_keyword
2193,252634,outer space,tmdb_keyword
2194,207844,college student,tmdb_keyword
2195,215269,shared house,tmdb_keyword
2196,10158,alien planet,tmdb_keyword
2197,212059,college professor,tmdb_keyword
2198,237646,cyberbullying,tmdb_keyword
2199,1846,craftsman,tmdb_keyword
2200,193282,dark secret,tmdb_keyword
2201,328590,witches,tmdb_keyword
2202,228429,insecure woman,tmdb_keyword
2203,282463,streamer,tmdb_keyword
2204,281372,web series,tmdb_keyword
2205,5626,rags to riches,tmdb_keyword
2206,325816,forceful,tmdb_keyword
2207,297537,child education,tmdb_keyword
2208,380,sibling relationship,tmdb_keyword
2209,280940,sisters,tmdb_keyword
2210,170682,lying,tmdb_keyword
2211,223945,rich guy,tmdb_keyword
2212,239811,famous people,tmdb_keyword
2213,253419,social media influencer,tmdb_keyword
2214,321059,nonlinear narrative,tmdb_keyword
2215,240,underdog,tmdb_keyword
2216,277237,independent woman,tmdb_keyword
2217,15208,biting,tmdb_keyword
2218,4021,business woman,tmdb_keyword
2219,161350,sex industry,tmdb_keyword
2220,5970,wrestling,tmdb_keyword
2221,163412,fitness,tmdb_keyword
2222,262705,survival show,tmdb_keyword
2223,319837,exciting,tmdb_keyword
2224,6340,weather forecaster,tmdb_keyword
2225,190531,speculative,tmdb_keyword
2226,294863,national assembly,tmdb_keyword
2227,1576,technology,tmdb_keyword
2228,49960,business start-up,tmdb_keyword
2229,305743,app developer,tmdb_keyword
2230,236650,music industry,tmdb_keyword
2231,164306,legal battle,tmdb_keyword
2232,258262,chivalric romance,tmdb_keyword
2233,4617,insurance fraud,tmdb_keyword
2234,12365,gang rape,tmdb_keyword
2235,157676,disfigured face,tmdb_keyword
2236,171366,multiple storylines,tmdb_keyword
2237,33360,employer,tmdb_keyword
2238,304915,youngest son,tmdb_keyword
2239,196017,power of love,tmdb_keyword
2240,238302,past love,tmdb_keyword
2241,286957,adaptation,tmdb_keyword
2242,206187,signal,tmdb_keyword
2243,15095,revenge motive,tmdb_keyword
2244,4932,farm,tmdb_keyword
2245,175421,death of husband,tmdb_keyword
2246,211269,emotions,tmdb_keyword
2247,279953,age regression,tmdb_keyword
2248,2898,armor,tmdb_keyword
2249,251275,mechs,tmdb_keyword
2250,291531,henshin heroes,tmdb_keyword
2251,293629,vehicle,tmdb_keyword
2252,317204,tokusatsu,tmdb_keyword
2253,3910,restaurant critic,tmdb_keyword
2254,14766,cafe,tmdb_keyword
2255,167431,alley,tmdb_keyword
2256,313542,restaurant management,tmdb_keyword
2257,41525,high school teacher,tmdb_keyword
2258,47023,first kiss,tmdb_keyword
2259,190821,family curse,tmdb_keyword
2260,233379,cynophobia,tmdb_keyword
2261,322583,shape shifting,tmdb_keyword
2262,1587,way of life,tmdb_keyword
2263,12390,boarding house,tmdb_keyword
2264,3515,banker,tmdb_keyword
2265,4952,inferiority complex,tmdb_keyword
2266,10360,prejudice,tmdb_keyword
2267,14602,break-up,tmdb_keyword
2268,14818,model,tmdb_keyword
2269,17974,makeup,tmdb_keyword
2270,17997,housekeeper,tmdb_keyword
2271,45141,carpenter,tmdb_keyword
2272,170118,makeup artist,tmdb_keyword
2273,183133,aspiring actor,tmdb_keyword
2274,194018,talent manager,tmdb_keyword
2275,211775,frenemies,tmdb_keyword
2276,225496,quarter life crisis,tmdb_keyword
2277,232700,business rivalry,tmdb_keyword
2278,236197,fashion industry,tmdb_keyword
2279,257714,actor,tmdb_keyword
2280,285978,military enlistment,tmdb_keyword
2281,307885,workplace abuse,tmdb_keyword
2282,162502,news report,tmdb_keyword
2283,217140,double identity,tmdb_keyword
2284,316327,new media,tmdb_keyword
2285,191975,sports scandal,tmdb_keyword
2286,258786,medical,tmdb_keyword
2287,186782,discrimination,tmdb_keyword
2288,319452,appearances,tmdb_keyword
2289,322194,appearance,tmdb_keyword
2290,323096,original net animation (ona),tmdb_keyword
2291,347145,lookism,tmdb_keyword
2292,6231,half-brother,tmdb_keyword
2293,227499,family legacy,tmdb_keyword
2294,253507,obsessive,tmdb_keyword
2295,1486,flirt,tmdb_keyword
2296,14906,slave,tmdb_keyword
2297,33775,book editor,tmdb_keyword
2298,189007,publishing house,tmdb_keyword
2299,283005,secret crush,tmdb_keyword
2300,10483,eccentric,tmdb_keyword
2301,3249,hologram,tmdb_keyword
2302,196522,information technology,tmdb_keyword
2303,229296,social,tmdb_keyword
2304,9929,remarriage,tmdb_keyword
2305,18008,divorced,tmdb_keyword
2306,285958,company president,tmdb_keyword
2307,7912,rugby,tmdb_keyword
2308,302193,high school coach,tmdb_keyword
2309,3768,rest,tmdb_keyword
2310,276723,prosopagnosia,tmdb_keyword
2311,5306,boss,tmdb_keyword
2312,5504,asthma,tmdb_keyword
2313,157241,criminal investigation,tmdb_keyword
2314,181068,protective father,tmdb_keyword
2315,198423,moral dilemma,tmdb_keyword
2316,4434,interview,tmdb_keyword
2317,13088,summer,tmdb_keyword
2318,288697,bickering couple,tmdb_keyword
2319,299326,lovers reunited,tmdb_keyword
2320,4142,insomnia,tmdb_keyword
2321,275037,fire accident,tmdb_keyword
2322,33813,secret life,tmdb_keyword
2323,11168,private investigator,tmdb_keyword
2324,33457,alcoholic,tmdb_keyword
2325,325767,apathetic,tmdb_keyword
2326,226188,local food,tmdb_keyword
2327,241801,police profiling,tmdb_keyword
2328,287648,cerebral,tmdb_keyword
2329,228811,rare export,tmdb_keyword
2330,240591,suriname,tmdb_keyword
2331,11265,mind reading,tmdb_keyword
2332,312,man vs machine,tmdb_keyword
2333,1370,shapeshifting,tmdb_keyword
2334,171612,secret admirer,tmdb_keyword
2335,222529,rescue operation,tmdb_keyword
2336,325844,ridiculous,tmdb_keyword
2337,322627,take revenge,tmdb_keyword
2338,322628,handsome young man,tmdb_keyword
2339,322629,real marriage,tmdb_keyword
2340,9786,burned alive,tmdb_keyword
2341,207199,police department,tmdb_keyword
2342,208476,starting over,tmdb_keyword
2343,321873,identical twins,tmdb_keyword
2344,348904,difficult adulthood,tmdb_keyword
2345,326699,daeha,tmdb_keyword
2346,33416,power politics,tmdb_keyword
2347,154954,social injustice,tmdb_keyword
2348,179823,class conflict,tmdb_keyword
2349,2569,prime minister,tmdb_keyword
2350,298528,political drama,tmdb_keyword
2351,10440,second life,tmdb_keyword
2352,208556,mother daughter reunion,tmdb_keyword
2353,155750,fake death,tmdb_keyword
2354,2858,sacrifice,tmdb_keyword
2355,10854,time loop,tmdb_keyword
2356,191741,award,tmdb_keyword
2357,204045,awards show,tmdb_keyword
2358,10490,empress,tmdb_keyword
2359,175629,alternative reality,tmdb_keyword
2360,245157,alternate universe,tmdb_keyword
2361,178945,working mom,tmdb_keyword
2362,255834,rural life,tmdb_keyword
2363,294708,sports drama,tmdb_keyword
2364,211295,riches to rags,tmdb_keyword
2365,297683,family dispute,tmdb_keyword
2366,210543,traditional music,tmdb_keyword
2367,236874,young romance,tmdb_keyword
2368,1423,asteroid,tmdb_keyword
2369,10150,end of the world,tmdb_keyword
2370,10221,meteorite,tmdb_keyword
2371,325819,frustrated,tmdb_keyword
2372,5827,hiking,tmdb_keyword
2373,10424,tour guide,tmdb_keyword
2374,181318,asperger's syndrome,tmdb_keyword
2375,287417,bisexual woman,tmdb_keyword
2376,279490,chinese cuisine,tmdb_keyword
2377,2251,lie,tmdb_keyword
2378,4498,big family,tmdb_keyword
2379,215200,pretend relationship,tmdb_keyword
2380,322681,fake to real lovers,tmdb_keyword
2381,208405,traditional medicine,tmdb_keyword
2382,299575,hidden personality,tmdb_keyword
2383,199262,telenovela,tmdb_keyword
2384,287219,soap,tmdb_keyword
2385,11687,breaking the fourth wall,tmdb_keyword
2386,155393,sympathy,tmdb_keyword
2387,236483,wrongly punished,tmdb_keyword
2388,269530,ex-prisoner,tmdb_keyword
2389,300847,attorney,tmdb_keyword
2390,326596,polar opposites,tmdb_keyword
2391,189150,incurable disease,tmdb_keyword
2392,206662,euthanasia,tmdb_keyword
2393,169058,trade,tmdb_keyword
2394,210605,workplace comedy,tmdb_keyword
2395,178213,delivery boy,tmdb_keyword
2396,188840,delivery service,tmdb_keyword
2397,18425,teenage love,tmdb_keyword
2398,5783,classical music,tmdb_keyword
2399,8608,violinist,tmdb_keyword
2400,317148,love square,tmdb_keyword
2401,15111,drinking,tmdb_keyword
2402,193125,outdoor,tmdb_keyword
2403,228418,pop-up,tmdb_keyword
2404,257920,problem solver,tmdb_keyword
2405,3451,housewife,tmdb_keyword
2406,187325,loveless marriage,tmdb_keyword
2407,187675,medical student,tmdb_keyword
2408,303638,unhealthy relationship,tmdb_keyword
2409,2065,province,tmdb_keyword
2410,212755,personal diary,tmdb_keyword
2411,233291,synesthesia,tmdb_keyword
2412,2723,medium,tmdb_keyword
2413,175387,communicating with the dead,tmdb_keyword
2414,3419,fanatic,tmdb_keyword
2415,9818,fan culture,tmdb_keyword
2416,15478,art gallery,tmdb_keyword
2417,242024,obssesive fan,tmdb_keyword
2418,261234,art curator,tmdb_keyword
2419,9825,growing up,tmdb_keyword
2420,12190,cyberpunk,tmdb_keyword
2421,679,cyborg,tmdb_keyword
2422,11738,evil corporation,tmdb_keyword
2423,272977,special ability,tmdb_keyword
2424,9492,fusion,tmdb_keyword
2425,215114,dating agency,tmdb_keyword
2426,247099,asexuality,tmdb_keyword
2427,257177,famous,tmdb_keyword
2428,197361,hairstylist,tmdb_keyword
2429,237774,stealing manuscript,tmdb_keyword
2430,238812,murder case,tmdb_keyword
2431,325856,vibrant,tmdb_keyword
2432,9798,law school,tmdb_keyword
2433,33861,law student,tmdb_keyword
2434,157286,gold digger,tmdb_keyword
2435,263661,fashion company,tmdb_keyword
2436,154909,marriage for money,tmdb_keyword
2437,235886,jealous brother,tmdb_keyword
2438,554,manager,tmdb_keyword
2439,190722,reunited friends,tmdb_keyword
2440,240617,jealous friend,tmdb_keyword
2441,246376,local man,tmdb_keyword
2442,325379,betrayed by a friend,tmdb_keyword
2443,326298,friend relationship,tmdb_keyword
2444,326299,school freind,tmdb_keyword
2445,326300,evil freind,tmdb_keyword
2446,2735,veterinarian,tmdb_keyword
2447,14742,psychic,tmdb_keyword
2448,319994,psychometry,tmdb_keyword
2449,214780,courtroom drama,tmdb_keyword
2450,157524,tropical island,tmdb_keyword
2451,276973,larva island,tmdb_keyword
2452,4116,heaven,tmdb_keyword
2453,190287,life after death,tmdb_keyword
2454,5984,dormitory,tmdb_keyword
2455,263909,makjang,tmdb_keyword
2456,217979,dream come true,tmdb_keyword
2457,308930,cookie,tmdb_keyword
2458,322008,sisters relationship,tmdb_keyword
2459,322777,mysterious food,tmdb_keyword
2460,322778,ambitious students,tmdb_keyword
2461,322779,school secrets,tmdb_keyword
2462,715,chocolate,tmdb_keyword
2463,232877,social anxiety,tmdb_keyword
2464,255302,timidness,tmdb_keyword
2465,329942,chocolate shop,tmdb_keyword
2466,186507,advertising agency,tmdb_keyword
2467,201725,strong,tmdb_keyword
2468,208502,loyal,tmdb_keyword
2469,256926,successful,tmdb_keyword
2470,208418,waking from coma,tmdb_keyword
2471,2131,visual arts,tmdb_keyword
2472,163599,death of parent,tmdb_keyword
2473,187901,track and field,tmdb_keyword
2474,240429,personality change,tmdb_keyword
2475,318785,game world,tmdb_keyword
2476,352435,search for happiness,tmdb_keyword
2477,239724,astrologer,tmdb_keyword
2478,276155,jung eun gwol,tmdb_keyword
2479,276158,sageuk,tmdb_keyword
2480,298620,heavenly fantasy,tmdb_keyword
2481,33476,widower,tmdb_keyword
2482,2920,cheerleader,tmdb_keyword
2483,266753,cautionary,tmdb_keyword
2484,290367,campus life,tmdb_keyword
2485,10163,cancer,tmdb_keyword
2486,291959,soap opera,tmdb_keyword
2487,155583,neurosurgeon,tmdb_keyword
2488,215253,rekindled romance,tmdb_keyword
2489,227907,overseas,tmdb_keyword
2490,174038,personal assistant,tmdb_keyword
2491,5561,child prodigy,tmdb_keyword
2492,11431,wrestler,tmdb_keyword
2493,311889,cafe owner,tmdb_keyword
2494,326475,sport management,tmdb_keyword
2495,341675,ssireum,tmdb_keyword
2496,272705,deepfake,tmdb_keyword
2497,295150,friends to enemies,tmdb_keyword
2498,353965,picaresque,tmdb_keyword
2499,2848,tennis player,tmdb_keyword
2500,9304,muse,tmdb_keyword
2501,965,age difference,tmdb_keyword
2502,7024,fashion designer,tmdb_keyword
2503,167529,ceo,tmdb_keyword
2504,40850,destiny,tmdb_keyword
2505,171040,living alone,tmdb_keyword
2506,227510,hearing impaired,tmdb_keyword
2507,207694,procedural,tmdb_keyword
2508,12436,architecture,tmdb_keyword
2509,230479,lies,tmdb_keyword
2510,4552,beer,tmdb_keyword
2511,156580,ghost story,tmdb_keyword
2512,1705,congress,tmdb_keyword
2513,290929,south korean,tmdb_keyword
2514,350513,south korean politician,tmdb_keyword
2515,514,spain,tmdb_keyword
2516,4563,virtual reality,tmdb_keyword
2517,157958,hostel,tmdb_keyword
2518,224393,computer programmer,tmdb_keyword
2519,228923,augmented reality,tmdb_keyword
2520,255629,cooking together,tmdb_keyword
2521,295152,cooking show,tmdb_keyword
2522,308993,cook,tmdb_keyword
2523,266222,耀眼,tmdb_keyword
2524,212796,workplace romance,tmdb_keyword
2525,2389,virgin,tmdb_keyword
2526,274848,unexpected pregnancy,tmdb_keyword
2527,169152,twenty something,tmdb_keyword
2528,324580,fast paced romance,tmdb_keyword
2529,1310,mentor,tmdb_keyword
2530,5832,bed and breakfast (b&b),tmdb_keyword
2531,9194,harem,tmdb_keyword
2532,297821,childbirth,tmdb_keyword
2533,9738,ufo,tmdb_keyword
2534,157296,bankruptcy,tmdb_keyword
2535,301542,drug usage,tmdb_keyword
2536,301678,가족,tmdb_keyword
2537,301679,모범,tmdb_keyword
2538,293381,memory manipulation,tmdb_keyword
2539,374901,human suspense,tmdb_keyword
2540,156578,newlywed,tmdb_keyword
2541,888,screenwriter,tmdb_keyword
2542,5964,chinese mafia,tmdb_keyword
2543,11578,mobster,tmdb_keyword
2544,33879,producer,tmdb_keyword
2545,210304,college love,tmdb_keyword
2546,220209,barista,tmdb_keyword
2547,174089,unreliable narrator,tmdb_keyword
2548,222850,art teacher,tmdb_keyword
2549,187008,false memory,tmdb_keyword
2550,196581,lost child,tmdb_keyword
2551,2560,paparazzi,tmdb_keyword
2552,176016,editor,tmdb_keyword
2553,208364,missing husband,tmdb_keyword
2554,240790,politician death,tmdb_keyword
2555,10333,stalking,tmdb_keyword
2556,243768,unfortunate,tmdb_keyword
2557,193946,fight for justice,tmdb_keyword
2558,3530,"prague, czech republic",tmdb_keyword
2559,2052,traitor,tmdb_keyword
2560,41249,secret service,tmdb_keyword
2561,157210,framed for a crime,tmdb_keyword
2562,191600,assassination attempt,tmdb_keyword
2563,202635,engaged,tmdb_keyword
2564,1490,cleaning lady,tmdb_keyword
2565,235611,insider trading,tmdb_keyword
2566,41603,paramedic,tmdb_keyword
2567,294126,possession by ancestor,tmdb_keyword
2568,311640,top star,tmdb_keyword
2569,171461,school nurse,tmdb_keyword
2570,259993,jelly,tmdb_keyword
2571,185927,adopted child,tmdb_keyword
2572,10491,swordsman,tmdb_keyword
2573,243594,period,tmdb_keyword
2574,4224,singapore,tmdb_keyword
2575,8810,laos,tmdb_keyword
2576,156053,bangladesh,tmdb_keyword
2577,11436,redemption,tmdb_keyword
2578,190816,anniversary,tmdb_keyword
2579,287249,trip,tmdb_keyword
2580,376457,10th anniversary,tmdb_keyword
2581,6093,assault,tmdb_keyword
2582,41170,advisor,tmdb_keyword
2583,235458,persistence,tmdb_keyword
2584,236252,ex spouses,tmdb_keyword
2585,326478,former prosecutor,tmdb_keyword
2586,2710,fairy,tmdb_keyword
2587,3205,fairy tale,tmdb_keyword
2588,10777,goddess,tmdb_keyword
2589,207372,quest,tmdb_keyword
2590,291980,multiple realms,tmdb_keyword
2591,310063,fairies,tmdb_keyword
2592,329731,fairytale,tmdb_keyword
2593,269676,sleep disorder,tmdb_keyword
2594,14676,series of murders,tmdb_keyword
2595,207898,accused of murder,tmdb_keyword
2596,241770,dark force,tmdb_keyword
2597,242138,investigate,tmdb_keyword
2598,155546,female police officer,tmdb_keyword
2599,207592,piano,tmdb_keyword
2600,11829,infertility,tmdb_keyword
2601,156042,hypocrisy,tmdb_keyword
2602,199524,disturbed,tmdb_keyword
2603,309662,pseudo,tmdb_keyword
2604,323809,depressing,tmdb_keyword
2605,277394,guest house,tmdb_keyword
2606,3486,fashion journal,tmdb_keyword
2607,214967,fashion photography,tmdb_keyword
2608,178873,skateboarder,tmdb_keyword
2609,226370,hoverboard,tmdb_keyword
2610,163221,failing marriage,tmdb_keyword
2611,326601,miscommunication,tmdb_keyword
2612,357641,불륜,tmdb_keyword
2613,357642,이혼,tmdb_keyword
2614,14540,accidental death,tmdb_keyword
2615,158449,hatred,tmdb_keyword
2616,297542,female rivalry,tmdb_keyword
2617,308441,social media challenge,tmdb_keyword
2618,155624,envy,tmdb_keyword
2619,191016,business competition,tmdb_keyword
2620,228064,escapism,tmdb_keyword
2621,229224,domineering father,tmdb_keyword
2622,279470,model worker,tmdb_keyword
2623,311278,high school classmates,tmdb_keyword
2624,326263,jewelry industry,tmdb_keyword
2625,269635,battle of wits,tmdb_keyword
2626,10303,domestic abuse,tmdb_keyword
2627,240485,brother sister relationship,tmdb_keyword
2628,201156,debut,tmdb_keyword
2629,262734,迹象,tmdb_keyword
2630,9755,parody,tmdb_keyword
2631,163607,chinese food,tmdb_keyword
2632,292026,korean food,tmdb_keyword
2633,328023,jjajangmyeon,tmdb_keyword
2634,233,japan,tmdb_keyword
2635,6273,school trip,tmdb_keyword
2636,6784,quiz,tmdb_keyword
2637,252330,"hokkaido, japan",tmdb_keyword
2638,274524,togetherness,tmdb_keyword
2639,1608,twin sister,tmdb_keyword
2640,181145,woman lawyer,tmdb_keyword
2641,241274,pharmaceuticals company,tmdb_keyword
2642,214497,surrogacy,tmdb_keyword
2643,251645,motorbike,tmdb_keyword
2644,9016,femme fatale,tmdb_keyword
2645,156203,sketch comedy,tmdb_keyword
2646,276775,irreverent,tmdb_keyword
2647,186120,singing competition,tmdb_keyword
2648,3741,talk show,tmdb_keyword
2649,157213,death of mother,tmdb_keyword
2650,319598,kimchi,tmdb_keyword
2651,227166,childhood crush,tmdb_keyword
2652,369821,variety,tmdb_keyword
2653,227620,survival competition,tmdb_keyword
2654,9895,kenya,tmdb_keyword
2655,257098,travel show,tmdb_keyword
2656,6383,music competition,tmdb_keyword
2657,33928,audition,tmdb_keyword
2658,250845,reality competition,tmdb_keyword
2659,1672,lifestyle,tmdb_keyword
2660,4931,pig,tmdb_keyword
2661,567,alcohol,tmdb_keyword
2662,316681,soju,tmdb_keyword
2663,236859,traditional culture,tmdb_keyword
2664,207269,food truck,tmdb_keyword
2665,227765,enterpreneur,tmdb_keyword
2666,308676,street food,tmdb_keyword
2667,182282,baking,tmdb_keyword
2668,240810,baking competition,tmdb_keyword
2669,358020,magical girls,tmdb_keyword
2670,879,brain tumor,tmdb_keyword
2671,235971,family travels,tmdb_keyword
2672,10131,interracial relationship,tmdb_keyword
2673,282133,father and daughter,tmdb_keyword
2674,297564,sciences,tmdb_keyword
2675,304615,music concert,tmdb_keyword
2676,221355,nature documentary,tmdb_keyword
2677,240494,marine life,tmdb_keyword
2678,311826,climate crisis,tmdb_keyword
2679,364959,food & travel tv,tmdb_keyword
2680,275211,cuisine,tmdb_keyword
2681,215787,bucket list,tmdb_keyword
2682,10542,based on toy,tmdb_keyword
2683,264342,proxy battle,tmdb_keyword
2684,269768,trading cards,tmdb_keyword
2685,287271,robots,tmdb_keyword
2686,287067,science,tmdb_keyword
2687,14636,india,tmdb_keyword
2688,18256,spiritual,tmdb_keyword
2689,375435,pomnyun,tmdb_keyword
2690,5380,virtual fight,tmdb_keyword
2691,352822,football,tmdb_keyword
2692,163014,injured animal,tmdb_keyword
2693,155467,nursery rhyme,tmdb_keyword
2694,296870,women's baseball,tmdb_keyword
