person_id,tmdb_person_id,person_name
1,20738,송강호
2,115290,이선균
3,556435,조여정
4,1255881,최우식
5,1442583,박소담
6,21684,봉준호
7,83020,송승헌
8,1329984,임지연
9,84980,온주완
10,84996,유해진
11,1296327,김대우
12,64880,최민식
13,10112,유지태
14,1299317,강혜정
15,77182,김병옥
16,77180,지대한
17,10099,박찬욱
18,123664,김민희
19,1537768,김태리
20,75913,하정우
21,138336,조진웅
22,93252,김해숙
23,69378,김상경
24,69379,김뢰하
25,1080904,송재호
26,116180,변희봉
27,25002,이병헌
28,86889,손예진
29,93999,박희순
30,141548,이성민
31,2084416,염혜란
32,2896274,신시아
33,1134684,박은빈
34,1882314,서은수
35,1299287,진구
36,1520280,성유빈
37,557736,박훈정
38,127564,조인성
39,571172,박정민
40,1292971,박해준
41,126348,신세경
42,1464090,로버트 마서
43,86325,류승완
44,17120,정우성
45,929122,이솜
46,1276894,Park So-young
47,550683,김희원
48,2520786,김남진
49,94003,임필성
50,16828,크리스 에반스
51,228,에드 해리스
52,5049,존 허트
53,3063,틸다 스윈튼
54,1557181,위하준
55,1988598,박지현
56,1181895,오아연
57,1993728,문예원
58,1140210,박성훈
59,112018,정범식
60,2053219,김다미
61,1593672,박해수
62,3957235,권은성
63,150126,전혜진
64,564844,박병은
65,1293082,김병우
66,20264,전국환
67,87090,천호진
68,1340711,오산하
69,69081,김지운
70,1255411,서인국
71,1713025,장동윤
72,1872629,박호산
73,1252017,정소민
74,150697,고창석
75,1294527,김홍선
76,150125,주지훈
77,84751,김강우
78,1246517,이유영
79,150150,민규동
80,85008,설경구
81,1299243,엄지원
82,1299244,이레
83,123820,김상호
84,126809,이준익
85,38280,탕웨이
86,21687,박해일
87,1244822,이정현
88,1257601,고경표
89,17124,박용우
90,140335,김유정
91,2117890,변우석
92,2377671,박정우
93,3218480,노윤서
94,1806235,김성경
95,2378215,Bang Woo-ri
96,123766,김주혁
97,88876,류승범
98,143541,류현경
99,1299516,송새벽
100,1067849,김고은
101,2341408,이도현
102,2307963,김재철
103,1544991,장재현
104,83014,강동원
105,554945,권해효
106,573792,김민재
107,939147,연상호
108,2959217,추영우
109,3128211,조유정
110,2595111,진호은
111,1203792,조한철
112,3510464,김혜영
113,21688,배두나
114,21689,고아성
115,118976,김동욱
116,1257594,김민준
117,1673497,박지영
118,1080933,조은지
119,132177,김대승
120,572225,유아인
121,215055,스티븐 연
122,1937533,전종서
123,2043067,김수경
124,1703282,최승호
125,96657,이창동
126,1571598,안효섭
127,1245104,이민호
128,1466233,채수빈
129,2353469,신승호
130,1523043,나나
131,63442,차태현
132,1128106,김향기
133,73249,이정재
134,84969,김용화
135,1576065,신은수
136,1333031,공명
137,3186373,차우민
138,3711571,윤상현
139,1875646,강미나
140,2648790,남궁선
141,1024395,마동석
142,1904058,이준영
143,1046863,이희준
144,1257587,노정의
145,2121601,안지혜
146,2879867,허명행
147,1156197,박신혜
148,1586567,이현욱
149,2260416,진소연
150,927755,김학선
151,2359485,Cho Il
152,1296713,임시완
153,1983073,박규영
154,3126573,최현욱
155,3792104,배강희
156,3794191,황성빈
157,3987900,이태성
158,1436248,엄태구
159,998412,오정세
160,25004,신하균
161,109305,손재곤
162,1989290,진선규
163,118977,김지석
164,560081,윤경호
165,1311803,강한나
166,552154,박규태
167,1257600,김지훈
168,3154127,박유림
169,1723499,신세휘
170,2128935,박형수
171,1943702,이충현
172,17122,주진모
173,85174,송지효
174,105612,심지호
175,1222950,임주환
176,1294627,유하
177,3491,토마스 크레치만
178,1530733,류준열
179,587676,박혁권
180,148747,장훈
181,1257899,강하늘
182,84788,김무열
183,240948,문성근
184,1267859,나영희
185,1453249,남명렬
186,1771406,장항준
187,75912,김윤석
188,75914,서영희
189,240082,정인기
190,75915,나홍진
191,1471054,서현
192,557133,이다윗
193,1206963,경수진
194,1418762,정지소
195,2964273,임대희
196,1257671,김우빈
197,932821,소지섭
198,37939,염정아
199,119337,최동훈
200,25001,이영애
201,1117876,권예영
202,1255409,김시후
203,1299277,남일우
204,70336,원빈
205,144591,김새론
206,552067,김태훈
207,147505,김성오
208,144590,이정범
209,126478,김혜자
210,141541,윤제문
211,994248,전미선
212,1646206,진영
213,1875655,다현
214,4286222,손정혁
215,2758995,이민구
216,4475212,김요한
217,3161070,조영명
218,39256,임지은
219,39257,한보배
220,1299351,이민기
221,139493,박성웅
222,1336799,이태임
223,1171953,김종구
224,1336803,정흥채
225,1336940,박상준
226,1239247,남궁민
227,1238990,이보영
228,1014784,수지
229,1293085,김병서
230,108536,이해준
231,150698,송중기
232,30315,리차드 아미티지
233,1086497,조성희
234,3132668,문상민
235,1337780,변요한
236,3314352,이이담
237,4399413,한유은
238,1075354,이종필
239,68903,황정민
240,1278162,김수안
241,1024396,김성균
242,17119,김성수
243,2790041,주현영
244,1572347,전배수
245,2490953,최보민
246,3138717,김지인
247,2694913,김우겸
248,3762018,Tak Se-woong
249,1248204,문채원
250,227638,류승룡
251,117505,박기웅
252,1049134,김한민
253,3639306,이현걸
254,2408991,박지열
255,2133923,이중옥
256,1410322,김주환
257,25003,김태우
258,1351055,예수정
259,1135344,김태곤
260,1044800,정만식
261,3168659,박철현
262,97142,정지우
263,20737,전도연
264,2448003,황미선
265,87792,주현
266,1252318,IU
267,1701993,이주영
268,25645,고레에다 히로카즈
269,63438,장혁
270,1299358,수애
271,1204991,박민하
272,1929194,홍경
273,74377,야마다 타카유키
274,63696,시이나 킷페이
275,1293686,변성현
276,930417,김성령
277,1257661,이엘
278,929574,주원
279,139515,이성재
280,2386668,정소리
281,2278760,도영서
282,38670,카밀라 벨
283,548646,정병길
284,1347525,박서준
285,83036,박보영
286,1352930,김선영
287,1793046,김도윤
288,1576066,엄태화
289,1295417,김종수
290,1420814,정승길
291,1456792,이병헌
292,551171,조성하
293,1299283,이철민
294,1155298,곽도원
295,1254579,성준
296,1287909,김홍파
297,1200384,김보라
298,2462807,이창훈
299,1525617,박소진
300,2423925,조바른
301,3439595,Lee Seo-young
302,2452392,방은정
303,1624033,브루스 칸
304,1113060,이승준
305,2204473,Choi Jae-hoon
306,1716008,이선빈
307,1256347,김민석
308,2431103,전익령
309,2239782,류경수
310,3652323,한수아
311,2441956,김수진
312,980225,라미란
313,1299479,이진욱
314,224381,변혁
315,115291,서우
316,1080935,윤여정
317,132452,임상수
318,1388365,허성태
319,2791233,고윤정
320,16283,이승연
321,16284,재희
322,16285,권혁호
323,945428,주진모
324,16286,최정호
325,1188,김기덕
326,240145,한효주
327,1326172,이광수
328,1233094,권상우
329,1879192,Kim Joung-hoon
330,87540,임창정
331,62332,최성국
332,87762,신이
333,1257610,이상윤
334,87759,Yoon Tae-yoon
335,1364528,이하늬
336,1418580,이동휘
337,1047370,Doug Cockle
338,1353920,Joey Batey
339,1272970,Christina Wren
340,1590758,에밀리 캐리
341,1785142,Camrus Johnson
342,3276257,강희철
343,83220,하지원
344,121148,박중훈
345,121149,엄정화
346,84852,윤제균
347,77318,최시원
348,1020859,성동일
349,2435807,박건일
350,3291459,황세온
351,2109484,이종석
352,63436,전지현
353,2115785,김시아
354,1096458,구교환
355,1135240,김성훈
356,1263930,천우희
357,1256251,김예원
358,3150115,김태준
359,79572,감우성
360,42799,손병호
361,79574,박원상
362,77183,오태경
363,79565,공수창
364,1024391,윤종빈
365,1591370,서현우
366,2124185,김한나
367,83153,박현진
368,3276709,채원빈
369,1294772,황병국
370,83637,허준호
371,1887382,김소진
372,125427,김인문
373,553705,송옥숙
374,68464,한진희
375,63429,곽재용
376,1078674,박지환
377,2154622,Kim Min-ho
378,225119,윤정희
379,557132,김희라
380,96659,안내상
381,1077559,Kim Yong-taek
382,1059584,김옥빈
383,127706,김서형
384,234641,이케우치 히로유키
385,1297749,양동근
386,1109635,나현
387,231476,이경영
388,2117360,김민주
389,3888949,정용주
390,1237913,정혜영
391,1827112,조선호
392,1544084,알엠
393,1544088,진
394,1544086,슈가
395,1544090,제이홉
396,1544092,지민
397,1076627,Bao Nguyen
398,1277308,박인환
399,1149923,클라라
400,573791,김보연
401,80981,최승현
402,84976,강형철
403,5473991,권영미
404,3416690,강구한
405,1756188,안영미
406,1852026,한지원
407,1254975,신현빈
408,2097710,신민재
409,2987023,한지현
410,1459772,남주혁
411,573794,배성우
412,1139243,Kim Kwang-sik
413,109060,강신일
414,138527,박철민
415,528339,오광록
416,557418,송일곤
417,93995,심은경
418,1171951,정해균
419,937713,모홍진
420,77853,해미시 해밀턴
421,5837188,Cameron Whitelaw
422,1248450,차승원
423,2116909,권소현
424,1872378,김혜준
425,583166,김지훈
426,544107,현빈
427,93996,장영남
428,1096793,장광
429,1622390,Lee Chae-dam
430,1995527,Kim Ji-yeon
431,2093358,shin yeon yoo
432,2093832,Han Jae-kyung
433,2615502,Choi Min
434,110388,김남길
435,77188,오달수
436,980218,이석훈
437,2067860,전여빈
438,125734,이기영
439,3038410,김신록
440,548654,김상만
441,229752,백윤식
442,83682,정재영
443,2159394,김성규
444,1243892,류승수
445,1916075,이규형
446,2633250,박주현
447,1988291,옹성우
448,1294594,Moon Hyun-sung
449,1447365,최희서
450,1856377,오대환
451,75918,홍원찬
452,1863349,김선호
453,3053741,강태주
454,1091050,고아라
455,3595106,정라엘
456,1654414,이수민
457,3778167,Lee Pung-un
458,87781,강효진
459,1246931,김규리
460,232034,김영호
461,127849,추자현
462,2159436,Han Myung-goo
463,74422,전윤수
464,560070,진경
465,1121891,조의석
466,146245,김혜수
467,20519,임달화
468,1293710,이해영
469,560064,강수연
470,232599,김현주
471,2352461,이동희
472,531736,이제훈
473,3715923,홍사빈
474,1682490,이성욱
475,1222330,김래원
476,1245099,허이재
477,63446,김정태
478,84909,강석범
479,3896,리암 니슨
480,86330,이범수
481,227430,진세연
482,84854,정준호
483,78866,이재한
484,1470763,정해인
485,2003804,김국희
486,1554866,정유진
487,587675,유연석
488,1432841,이영란
489,3825297,문성현
490,2392774,김성식
491,1347175,김의성
492,2306987,정현준
493,1023610,박대민
494,1253391,지창욱
495,1164507,안재홍
496,117370,박광현
497,1692997,장윤주
498,1223316,조정석
499,1252045,윤아
500,936000,고두심
501,231477,김지영
502,2206352,이상근
503,1470219,도경수
504,1304595,김희애
505,2804996,정성일
506,4903007,황지아
507,2617358,김태한
508,2840538,최수임
509,1928243,Cho Young-jun
510,2161276,Kim Ji-hwan
511,566372,이준혁
512,1988603,이장훈
513,2483538,최성은
514,2025923,Waël Sersoub
515,3909409,Kim Hee-jin
516,1374514,김설현
517,1731537,황석정
518,87894,원신연
519,125730,박하선
520,1872632,고준
521,127720,정유미
522,1876417,이경진
523,2919106,유재선
524,2078000,이재인
525,96484,정진영
526,85173,고수
527,572224,현쥬니
528,496939,Jeong Gi-hoon
529,126495,조승우
530,147852,김응수
531,1854942,오승훈
532,2042978,이주영
533,1480986,백
534,2644771,박소이
535,28662,김윤진
536,123802,강대규
537,84910,김상중
538,84973,김아중
539,1655398,장기용
540,1310821,박효준
541,1453807,Son Yong-ho
542,1255413,김영광
543,1765534,서현철
544,1607301,최병모
545,2405028,Kim Hyung-joo
546,137029,오스기 렌
547,2158882,장혜진
548,1510022,공승연
549,3245268,권다함
550,2784573,안동구
551,1380841,김태용
552,1631995,최유화
553,572172,우현
554,1500680,권오광
555,1719942,김주현
556,97024,김명민
557,496937,김영애
558,240802,Park Jung-woo
559,16962,장동건
560,116278,브라이언 티
561,124493,김준성
562,1257963,이준
563,1254059,조윤희
564,577473,이계벽
565,1293642,갈소원
566,1149649,이환경
567,64456,김지수
568,37940,임수정
569,112013,비
570,3696482,이영미
571,3697681,김춘기
572,553237,박근형
573,1565972,이일형
574,1057068,한예리
575,1276241,Park Hong-soo
576,82093,다니엘 헤니
577,2112859,한소희
578,1916087,김성철
579,2463266,정영주
580,1191707,이환
581,3748717,박지민
582,3475893,Guka Han
583,1517883,Yoann Zimmer
584,1124422,Davy Chou
585,2894890,김현정
586,3627023,전진오
587,78865,백종학
588,570299,이선진
589,2500933,박상규
590,2104287,전소니
591,129973,박충선
592,587672,민용근
593,80457,한석규
594,112785,정웅인
595,566375,조재윤
596,1335825,신성록
597,1926495,노상현
598,2850474,정휘
599,2175128,오동민
600,125426,이언희
601,1251581,김수현
602,125736,설리
603,1566012,조우진
604,1830479,Lee Sa-rang
605,1750380,조현철
606,132178,Kim Seong-je
607,1330917,정수정
608,3115918,이우제
609,1510020,남다름
610,1375944,김동영
611,2320161,Kim Tae-hyoung
612,1330423,김대명
613,1141056,도지한
614,108535,정려원
615,1253449,양미경
616,2125944,이상훈
617,463583,장소연
618,73251,김무생
619,73252,조승연
620,1124478,Min Yun-jae
621,73253,이현승
622,1482876,이성경
623,1255392,윤상현
624,1326874,최수영
625,1760449,정다원
626,1294471,황동혁
627,1295457,강소라
628,80656,박영규
629,69699,김유석
630,69698,서정
631,141873,서원
632,231508,손민석
633,64453,조재현
634,2185341,조이현
635,83122,문소리
636,1564175,진기주
637,2078977,전국향
638,120643,임순례
639,1353829,서예지
640,1925176,성혁
641,1020867,박상욱
642,1988490,배유람
643,1979003,서유민
644,96467,조영진
645,2775961,선정엽
646,135850,김영재
647,578838,신정근
648,1372475,신동미
649,1112238,허진
650,1835723,Shin Rin-a
651,1203347,허정
652,974270,정우
653,24989,김현석
654,2240033,임성재
655,1330446,이이경
656,2370779,음문석
657,1834243,박세완
658,1385609,곽동연
659,545756,이미연
660,1299285,김동준
661,1294126,임상윤
662,87553,김여진
663,1299348,고서희
664,1648169,강기영
665,2887189,이승철
666,3005649,정재성
667,1891352,황정민
668,68904,이재용
669,1238855,이주현
670,68905,장준환
671,79577,김병철
672,3099093,진유찬
673,3623817,김히어라
674,2901663,김설진
675,1801795,신준
676,1574622,고규필
677,1998064,장성범
678,2073528,Lee Seok-geun
679,1489755,한혜진
680,552572,성지루
681,938737,Kim Hyoung-jun
682,2078564,문남숙
683,1577669,홍소영
684,3360958,장은숙
685,1831726,전태열
686,4694733,Jeong Yeong-wung
687,5305590,Xiaoqing Cai
688,3253023,蔡东青
689,577397,김재록
690,1530559,장혁진
691,2240619,원현준
692,1910480,이원태
693,96632,신구
694,141157,이용이
695,1249395,김규철
696,1004566,라희찬
697,111411,안상훈
698,552069,윤주상
699,64883,강제규
700,1299252,이현우
701,1015873,손현주
702,2479225,박혜숙
703,548666,장철수
704,1523579,신혜선
705,1565392,강태오
706,2992836,임철수
707,1720838,박희곤
708,1257624,이수혁
709,1929192,차주영
710,3582463,정지우
711,2807694,진성문
712,939137,남지현
713,2273915,현봉식
714,1077269,문정희
715,1797138,김형주
716,3575092,김찬형
717,3630923,이명훈
718,531737,윤성현
719,1249253,김지호
720,1295402,김창주
721,1238592,이동욱
722,1292897,우민호
723,127566,이기우
724,150903,공유
725,587674,유다인
726,462583,황우슬혜
727,2214891,이지원
728,2320163,최원섭
729,587632,김미경
730,2288847,공민정
731,1793045,박성연
732,1296950,김도영
733,64454,기주봉
734,1155303,최화정
735,150975,홍상수
736,150242,이민정
737,144052,Park Shin-woo
738,110382,유승호
739,3609598,김상현
740,937484,Oh Sung-yoon
741,1029156,이상엽
742,2132020,Im Jin-soon
743,587634,박보검
744,939128,김태용
745,117504,윤진서
746,115904,김인권
747,2218533,김나연
748,2644294,Lee Seung-Won
749,126741,김호정
750,1190229,고수희
751,88298,송영창
752,2144092,조민아
753,1863287,김성훈
754,1591491,안보현
755,1671008,신현수
756,564849,서영화
757,102269,송선미
758,1095818,이종석
759,1257142,이세영
760,1334911,Lee Yeon-woo
761,2144177,김재현
762,1029157,신소율
763,3979702,오진석
764,1674539,김강일
765,583175,정용기
766,2035488,손석구
767,1169313,김슬기
768,1721280,정가영
769,83012,김하늘
770,1222951,유인영
771,1512476,이원근
772,1244787,박신양
773,1494834,태인호
774,2206571,윤종석
775,1678527,Hyun Moon-seop
776,2039484,정문성
777,2029267,김용완
778,1335771,김현숙
779,1305674,임현식
780,1299279,한동욱
781,80654,유오성
782,63444,정호빈
783,84998,곽경택
784,3155118,이주명
785,1258626,한선화
786,2183220,김지현
787,2230914,김한결
788,1661909,Kim Jin-hwang
789,21911,서기
790,88877,현영
791,96784,오지호
792,509648,조희봉
793,87780,Cho Jin-gyu
794,1238415,엄태웅
795,1245330,한가인
796,1630357,이용주
797,566365,추창민
798,1482875,이수경
799,1255801,조동혁
800,1254391,이상우
801,123769,S.K. Jhung
802,1952930,허율
803,2204456,Kim Kwang-bin
804,1059129,한재림
805,17121,안성기
806,1845057,우도환
807,578826,Lee Hyeong-seok
808,1087166,신용우
809,1087163,Koo Ja-hyoung
810,1087160,Han Sang-ho
811,125732,임형국
812,1875840,지수
813,1875841,제니
814,1875842,로제
815,1875844,리사
816,2810559,테디
817,1055512,캐롤라인 서
818,1903879,김진구
819,1333030,손종학
820,1312149,정주리
821,1222431,김갑수
822,1285352,양우석
823,70337,이은주
824,1243600,성현아
825,1420826,김진근
826,1744361,이수현
827,4490530,김민주
828,4209738,민승우
829,1762594,남도형
830,3244117,김연우
831,4898353,김용환
832,77281,윤소이
833,77058,정두홍
834,1473995,왕대륙
835,1541648,금신
836,1397557,Zhao Xiaoxi
837,1877715,Xiaoou Zhao
838,1004565,임원희
839,85006,강우석
840,2204515,Kim Yong-hoon
841,1413827,이혜리
842,1294904,Huh Jong-ho
843,2036487,Choi Jong-tae
844,2785476,Lee Hyuk-rae
845,2452843,Kim Hyung-oak
846,1248899,배수빈
847,1044894,박흥식
848,1207629,여진구
849,64455,장현성
850,2324915,Park Jung-bae
851,2097345,재현
852,1547209,곽시양
853,1294797,김민상
854,2145288,이철우
855,4826354,이윤석
856,1233804,이동건
857,1235716,한채영
858,1623387,최재원
859,229942,Chong Yun-su
860,79578,정경호
861,1349163,오나라
862,1299473,임형준
863,62333,최지우
864,1985557,이유미
865,1256325,민호
866,1878886,피오
867,3587633,하다인
868,1598384,Choi Jung-yol
869,2194388,다이고 코타로
870,2542,키타무라 카즈키
871,2055923,배정남
872,1294930,Kim Tae-yun
873,126881,공효진
874,1457187,한준희
875,1094648,배종옥
876,1676562,태항호
877,1497221,Park Sang-hyeon
878,2943957,김준
879,1764940,Ma Dae-yun
880,1252950,김동완
881,2313899,엄지성
882,2159482,이지훈
883,1428091,조복래
884,1924538,이가섭
885,1471895,이권
886,1336804,유재명
887,1252369,최다니엘
888,936037,이정호
889,1865300,정가람
890,2206335,Lee Min-jae
891,1659174,김혜인
892,2943789,김규남
893,1140790,최진성
894,235338,강예원
895,1296101,이문수
896,1296107,Kim Yeong-tak
897,139507,김준배
898,2519095,박성근
899,2813921,Yoon Young-bin
900,1418582,허준석
901,2317932,이해운
902,2312381,Sohn Won-pyung
903,2687377,Seo Na-young
904,2687379,Lee Hae-jun
905,2687382,Kim Ha-rim
906,1790739,Baek Seung-Heon
907,3005536,Kim Jun-won
908,2687384,Song Eun-joo
909,5188884,서수빈
910,5581948,김정식
911,2956508,강채윤
912,5581952,이재희
913,1583324,윤가은
914,6155510,김서헌
915,132180,지성
916,1307131,강경준
917,117349,심혜진
918,1299218,동방우
919,3890798,김용만
920,87552,유호정
921,62336,진희경
922,1149918,Cha Hyun-jung
923,119529,차수연
924,96631,허진호
925,117498,Oh Ki-hwan
926,1182413,Yu Young-sik
927,2154372,한지안
928,1994909,Lee Chang-hee
929,17882,이자벨 위페르
930,1232910,장미희
931,1730643,Shahira Fahmy
932,2663919,윤병희
933,4825192,이창원
934,2781342,김세휘
935,1246955,박유천
936,69384,심성보
937,2464,Angus Macfadyen
938,126743,이청아
939,1475318,Kim Hak-soon
940,145989,지진희
941,1128004,유승목
942,560068,정우혁
943,1041707,이하
944,1512481,차학연
945,1846191,권한솔
946,2153428,Jared Grimes
947,1646069,박혜수
948,2159121,김민호
949,122408,이준기
950,441113,강성연
951,1631996,박진우
952,1062389,이경미
953,1704052,이효제
954,2214888,김혜윤
955,2935390,나인우
956,3104322,배인혁
957,1619433,서은영
958,49971,제니퍼 엘
959,79072,케빈 듀랜드
960,1326155,강신철
961,1907997,민도윤
962,1708576,Ahn So-hee
963,2472212,Sae Bom
964,2573339,Kim Dong-wook
965,1733315,Jeong Do-soo
966,240081,최무성
967,1694435,박명훈
968,3001949,안태진
969,2237045,Khan Lee
970,1834433,하니
971,2796120,Shin Haet-bit
972,2098676,박강섭
973,1188304,백남준
974,7487,데이비드 보위
975,96082,오노 요코
976,18626,앤디 워홀
977,2540727,Amanda Kim
978,1250842,이승기
979,77282,이서진
980,1469148,정준영
981,1857962,고윤
982,568019,박진표
983,37941,문근영
984,83030,이한
985,80461,유준상
986,223144,김성수
987,125076,이하나
988,1539147,Kim Dong-won
989,126880,이연희
990,2068833,정욱
991,2658270,이한솔
992,116181,김태균
993,1233711,박한별
994,129614,조안
995,64502,박지연
996,6311971,이지형
997,1106142,윤재연
998,1112233,박시후
999,1258630,최원영
1000,1175686,Chung Keun-sup
1001,3963630,Andrew Bishop
1002,1293617,이원석
1003,578833,정성화
1004,3240769,Kim Deok-min
1005,231480,서태화
1006,84856,정운택
1007,138505,김보경
1008,64497,이정진
1009,145990,이종혁
1010,2139451,이설
1011,1295496,Cho Jin-mo
1012,237168,나카무라 유코
1013,1875643,김소혜
1014,115652,키노 히나
1015,1715308,임대형
1016,2054220,김준한
1017,2175208,박유나
1018,3582472,류지안
1019,1254169,유인나
1020,150122,홍지영
1021,994300,이미도
1022,548068,황인호
1023,1895319,Jang Chang-won
1024,1256249,박민우
1025,1572355,Cho Kyu-jang
1026,1579819,하윤경
1027,3312258,임영주
1028,2771569,전운종
1029,2688881,Kang Dong-in
1030,227427,전세현
1031,118975,최재환
1032,5782268,송연지
1033,150416,김진영
1034,1235476,정보석
1035,1913660,이황의
1036,1116438,김영대
1037,117378,Steve Taschler
1038,239927,임하룡
1039,6432760,Kwang-Hyun Park
1040,1731913,박범수
1041,1538984,장인섭
1042,1534511,김봉주
1043,3516395,김시은
1044,3902711,정회린
1045,3914126,강현오
1046,3914149,박우영
1047,42795,이종원
1048,120935,Kye Seong-yong
1049,42798,Kim Min-kyeong
1050,140319,손지나
1051,42793,변영주
1052,1272718,이선
1053,1272717,이미자
1054,1272714,함수정
1055,1577670,정미숙
1056,3593576,윤제완
1057,2240611,정종준
1058,2115600,김태균
1059,116175,신민아
1060,116178,김형종
1061,1257608,서신애
1062,138532,이시영
1063,934324,Cho Beom-gu
1064,462584,정원중
1065,235064,백운학
1066,1372476,김강현
1067,230360,Kwon Soo-kyung
1068,4259,김영민
1069,1418581,최귀화
1070,1200395,이나라
1071,1701953,박영주
1072,2956895,비비
1073,2298157,정재광
1074,2221392,유성주
1075,3715927,김창훈
1076,2024447,Enes Kaya
1077,2934531,Abu Dodd
1078,1142181,정은채
1079,84715,김민석
1080,1350000,서강준
1081,138112,윤정희
1082,119495,임찬상
1083,1759070,Yang Kyung-mo
1084,223145,윤희석
1085,2125084,박지후
1086,1374555,김새벽
1087,1583322,설혜인
1088,1552971,이승연
1089,2166752,김보라
1090,1336527,신은정
1091,108538,양익준
1092,138108,Chang
1093,69289,신은경
1094,229947,심이영
1095,229945,Kwon Seong-min
1096,1348579,이일화
1097,1893170,김형협
1098,1755036,진서연
1099,2400820,정수빈
1100,2176671,이정하
1101,1998157,김재범
1102,3627021,정재원
1103,2313022,필감성
1104,1226340,조현재
1105,80984,이영훈
1106,80985,이정헌
1107,2071289,Yu Tae-seong
1108,1619436,채서진
1109,1676565,안세하
1110,1762692,지승현
1111,231478,김해곤
1112,2302266,Cheon Myeong-kwan
1113,2088068,이지현
1114,2934513,조경이
1115,2723137,최낙윤
1116,1649055,여민정
1117,1831715,김수훈
1118,1337779,Kim Joon-Sung
1119,1010877,한지민
1120,1087043,백수장
1121,2115789,이지원
1122,97020,Lee Sang-gi
1123,1243590,김자옥
1124,1106129,예지원
1125,994253,육상효
1126,1346876,이유비
1127,2573485,백성희
1128,1794174,신신애
1129,83015,강지환
1130,83016,신태라
1131,1467384,이열음
1132,1348586,이호원
1133,1966747,아린
1134,2774483,홍원기
1135,2526745,이신영
1136,1347519,정진운
1137,3643833,김택
1138,2333292,정건주
1139,1501573,Park Sun-ho
1140,1334718,김희정
1141,3445788,김균하
1142,4350282,윤성수
1143,4064891,Choi Ju-yeon
1144,1320503,이준호
1145,2097690,남대중
1146,3857706,하서윤
1147,2038137,강하경
1148,5265727,하현수
1149,1336801,Han Jae-yeong
1150,2858165,Cho Jang-ho
1151,1330448,조동인
1152,1387126,유태오
1153,17127,정석용
1154,86329,안길강
1155,4886353,오유진
1156,1305527,엄수정
1157,123808,나문희
1158,1374543,이상희
1159,2539461,왕석현
1160,123339,임지규
1161,1421415,Bae Jung-hwa
1162,80658,이요원
1163,1748651,최성현
1164,123807,이다희
1165,1418578,Kang Ji-woo
1166,1418579,최민철
1167,150127,방은진
1168,3100670,원슈타인
1169,1130921,장건재
1170,1564168,권율
1171,145376,Lee Kyu-man
1172,2265223,Kil-su Hyeon
1173,1057480,김애경
1174,1420440,배수천
1175,994289,이두용
1176,1278184,Boo Ji-young
1177,1180187,Noh Dong-seok
1178,1350130,예성
1179,2805080,신재휘
1180,2344102,오만석
1181,3235460,박이웅
1182,127273,김효진
1183,1251647,옥택연
1184,1227352,김서영
1185,2934514,김은아
1186,3312961,정재헌
1187,4871869,Kim Na-yun
1188,4871867,Jeong Jin-yeong
1189,2934512,Byeon Hee-sun
1190,939135,박효주
1191,3137399,Kim Jae-hoon
1192,2309873,문승아
1193,6246295,이가은
1194,1421053,조하석
1195,2329379,홍의정
1196,1096456,Park Se-jong
1197,1096457,Lee Da-in
1198,1096459,조성환
1199,1096460,백승익
1200,1182291,JQ Lee
1201,240016,Jang Yoo-jung
1202,1234603,박민영
1203,577388,Kim Ye-ron
1204,577389,신다은
1205,564847,이상희
1206,577385,Byun Seung-wook
1207,225240,Lee Soo-youn
1208,588209,이혜영
1209,2313835,차래형
1210,2448983,Jeong Ji-yeon
1211,69080,김영철
1212,110381,김을분
1213,1830603,동효희
1214,1830604,민경훈
1215,1830605,임은경
1216,939140,이정향
1217,1485137,홍범기
1218,2720927,강시현
1219,3542282,Young-cheol Joe
1220,2166009,최준영
1221,2059987,Jung Hyuk-ki
1222,2494179,조관우
1223,1296088,김석윤
1224,232408,윤세아
1225,5195643,윤별하
1226,2453132,권혁
1227,2041126,Rima Thanh Vy
1228,6247051,김종태
1229,4631456,오세호
1230,1925,뱅상 카셀
1231,1707304,최국희
1232,227442,Yang Yeong-Jo
1233,578818,여현수
1234,1235477,홍수현
1235,2987021,최예빈
1236,5280332,권희송
1237,5579508,한상욱
1238,1299344,전수경
1239,1572354,이정은
1240,1386418,민도희
1241,2101538,차순배
1242,2374721,Han Seo-ah
1243,1416999,Si Woo
1244,1511274,김태수
1245,2045460,John Wu
1246,547479,Danni Lang
1247,1346848,연우진
1248,1254556,강민혁
1249,1965064,홍창표
1250,90350,장진
1251,80458,심은하
1252,96633,오지혜
1253,96634,이한위
1254,2455171,김동휘
1255,2204527,이서환
1256,1489282,안국진
1257,3610727,장승연
1258,3610726,오승희
1259,2864457,장예은
1260,580244,임대웅
1261,112752,김용균
1262,2545616,윤은경
1263,2312405,채여준
1264,913196,김현수
1265,1583038,최리
1266,2285866,서혜원
1267,2365282,이미영
1268,1299288,임슬옹
1269,38935,조근현
1270,1202592,Sophie Broustal
1271,1307608,최재웅
1272,1278161,정준원
1273,1105286,오승욱
1274,1267857,No Kang-min
1275,1272716,김환진
1276,1272719,Park Young-kyun
1277,88299,Ahn Kwon-tae
1278,989991,이병준
1279,1149566,전계수
1280,1565982,최종원
1281,141857,최덕문
1282,1294643,정지영
1283,138531,김수로
1284,1252370,황정음
1285,1251467,박지연
1286,1134687,윤시윤
1287,223179,You Sun-dong
1288,3279380,김현지
1289,3593577,Yoon Chang-sub
1290,1717811,Kim Hyun-ho
1291,1046862,송하윤
1292,3668402,Igor Pedroso
1293,1943999,Luan Brum
1294,4150711,J.B. Oliveira
1295,93994,천정명
1296,224673,김광규
1297,1251516,이규한
1298,1299474,Gook Dong-seok
1299,2406037,이정은
1300,1533904,황채원
1301,1278160,김원해
1302,123824,공정환
1303,1473841,진영
1304,2218708,송건희
1305,1332468,허동원
1306,1072375,김성수
1307,1307736,이재응
1308,1420821,Roh Hyung-wuk
1309,1254390,류수영
1310,2097275,정지훈
1311,2391356,Lee Seung-hee
1312,2104285,한해인
1313,3724274,김그림
1314,4971510,Hwang Yong-wook
1315,4971512,Roh Yang-ho
1316,3978165,Yun Su-ik
1317,1294510,Lee Seung-jun
1318,939133,박수영
1319,1257592,윤계상
1320,1843793,엄유나
1321,115295,박찬옥
1322,2792584,김동호
1323,1859758,박경혜
1324,2122687,이옥섭
1325,1633048,구혜령
1326,1919589,남수정
1327,127791,배형준
1328,1265918,Cho Yong-sun
1329,3538629,이도은
1330,4323290,박서경
1331,2680553,오우리
1332,138508,김승우
1333,588067,Kim Seung-cheol
1334,588066,Min Joon-ki
1335,127798,최민수
1336,1883920,박성광
1337,105411,김수미
1338,1255548,이태란
1339,1257584,정애연
1340,127984,신한솔
1341,552570,김윤성
1342,1520292,Noh Young-hak
1343,86887,송일국
1344,1286419,노주현
1345,4899951,윤영준
1346,551682,이원종
1347,1112440,홍수아
1348,1587503,김홍선
1349,5452858,Brooke Kim Emmerson
1350,5452861,Lee Hyoun-kyoung
1351,5452863,Kim Hae-na
1352,3350110,강은애
1353,5539550,Moon Sun-young
1354,5539551,Han Su-jeong
1355,87554,임권택
1356,1511024,손숙
1357,223323,장재호
1358,1746547,지우
1359,1254557,김윤혜
1360,3999269,송이재
1361,3038411,박지훈
1362,1978514,이상아
1363,6292260,김빛나래
1364,2668778,Han Dong-seok
1365,1690348,이지훈
1366,1122532,한승연
1367,1336802,이유준
1368,557415,Lee Woo-chul
1369,87897,유선
1370,1670249,지원
1371,3422049,우열
1372,2619408,James
1373,2507991,Richard Kim
1374,2204487,박세진
1375,1529849,시우민
1376,80459,장항선
1377,1206961,방민아
1378,1123145,김재화
1379,139506,이채영
1380,1530162,정혜인
1381,2473961,Choi Chul-min
1382,1604288,김사희
1383,6269868,이시형
1384,83032,Lee Ji-seung
1385,1875647,김도연
1386,1988516,손주연
1387,1576059,정하담
1388,4535845,강신희
1389,5629028,하서율
1390,3592496,김민하
1391,1953192,김예은
1392,119405,Cho Min-ho
1393,123805,정수영
1394,1300413,Ha Ki-ho
1395,127708,서지혜
1396,127705,차예련
1397,109647,임현경
1398,127702,최익환
1399,1333419,서현진
1400,1016125,선우용여
1401,586306,Joo Ji-hong
1402,1293597,노덕
1403,2270672,심달기
1404,125731,박그리나
1405,39258,이대연
1406,1117306,김세동
1407,1894261,유선호
1408,2402531,유인수
1409,3329705,이일준
1410,3226942,이찬형
1411,3719142,Hwang Dong-seok
1412,1191477,조철현
1413,582130,김지원
1414,138114,김범
1415,4027474,Song Yo-han
1416,2842843,Song Jong-yul
1417,124395,강인
1418,124394,채정안
1419,124391,Ryu Jang-ha
1420,553708,김지우
1421,138518,백일섭
1422,85037,Kim Kyung-hyung
1423,127850,이도경
1424,127845,최호
1425,1353821,고성희
1426,1239675,황보라
1427,63440,임예진
1428,2215856,박호찬
1429,2215859,Park Soo-zin
1430,1223134,김재욱
1431,224624,Choi Ji-ho
1432,133130,Andy Gillet
1433,80655,강성진
1434,80651,김상진
1435,1128893,Ringgo Agus Rahman
1436,1585981,Boris Bokir
1437,5124908,Myesha Lin
1438,1157711,Tissa Biani Azzahra
1439,1308187,Sita Nursanti
1440,1124183,Benni Setiawan
1441,1985542,김가희
1442,1985543,강민아
1443,1985544,이재균
1444,1989398,김도완
1445,84784,박용하
1446,84786,김민정
1447,3192063,이호재
1448,1613823,김재영
1449,1916226,원진아
1450,2202748,박누리
1451,3357934,방효린
1452,1809986,양세종
1453,1902848,강윤성
1454,1251348,서준영
1455,1645574,이수빈
1456,1134769,이주승
1457,1744610,Lee An-kyu
1458,223348,이해영
1459,1293088,엄기준
1460,1342876,현우
1461,87527,추상미
1462,140317,박용수
1463,80450,장윤현
1464,573790,Park In-je
1465,138544,조상건
1466,2421130,오민애
1467,3140397,임현주
1468,4696096,이주미
1469,5296511,이제희
1470,1893305,Chicco Kurniawan
1471,2453005,Ardhito Pramono
1472,1916568,Lutesha
1473,2095812,Muhammad Khan
1474,1454161,Putri Ayudya
1475,1302682,Angga Dwimas Sasongko
1476,5651387,김민채
1477,1256497,서영주
1478,5584425,김원준
1479,3445783,강채영
1480,1296051,하명미
1481,1307322,조한선
1482,1251700,정다혜
1483,233437,이천희
1484,2457097,주성환
1485,1830800,김인우
1486,5439739,김남균
1487,3244654,강해림
1488,115906,Yoon Jae-goo
1489,1257590,한채아
1490,1633135,김민교
1491,1399421,Kim Deok-su
1492,992831,Lee Jasmine
1493,83683,한다감
1494,83681,김유진
1495,16288,이미숙
1496,74421,송혜교
1497,2163424,Jo Sung-mok
1498,123661,이재용
1499,1170507,윤종찬
1500,142425,차인표
1501,1294526,조달환
1502,2190913,송재룡
1503,1210278,신애라
1504,2405516,Kim Dong-gyu
1505,4256123,강승호
1506,2863366,우상전
1507,2204431,차미경
1508,2327263,오정민
1509,2156750,양현민
1510,3723672,Seo Ji-yu
1511,2687337,Lee Han-jong
1512,90472,송윤아
1513,572169,데니 안
1514,4181139,Kim Min-chae
1515,552156,홍경인
1516,4208705,한민엽
1517,4208708,이윤지
1518,4064916,William Inhyuk Hyoung
1519,1673307,강진아
1520,1970202,전고운
1521,1607570,민진웅
1522,1190844,김용건
1523,2242291,민지환
1524,1458368,한고은
1525,3560762,박지훈
1526,1762319,Kim Bong-han
1527,1100787,최송현
1528,2026036,정혜원
1529,3356973,이새벽
1530,3328659,이상호
1531,5121907,허정수
1532,123408,이나영
1533,1294798,임현성
1534,1493898,윤찬영
1535,1191490,김수진
1536,2161195,Lee Jong-un
1537,20652,장백지
1538,70338,공형진
1539,1234180,김지영
1540,127531,송해성
1541,138541,이종수
1542,1572463,이승원
1543,145363,김혜옥
1544,1101373,오지은
1545,564862,최일화
1546,84722,이윤기
1547,138522,김사랑
1548,2211744,Yong Soo
1549,138509,이문식
1550,1831725,양정화
1551,2083364,김영은
1552,3142209,Jeong Yu-mi
1553,3323742,Son Seok-woo
1554,125689,강성필
1555,1583321,최수인
1556,1583323,이서연
1557,2397082,강민준
1558,6313398,김희준
1559,1717334,Lee Seong-tae
1560,4658289,박성영
1561,2710256,이호산
1562,5357219,이달래
1563,1167737,이대희
1564,1089693,오연서
1565,1574621,하재숙
1566,1657428,김종현
1567,1335793,전광렬
1568,2016261,Heo Jun-hyeong
1569,1256356,곽정욱
1570,1855432,전성우
1571,2326809,정이서
1572,1066215,김종관
1573,94053,이명세
1574,587677,김주령
1575,3627015,차우진
1576,4375693,Lee Lu-da
1577,2141853,손영성
1578,138528,Kim Yoo-sung
1579,3593579,Kang Seung-hun
1580,562228,신정원
1581,146865,권혁재
1582,547994,고소영
1583,496934,Sa Hyeon-jin
1584,1234600,정일우
1585,1791945,백현진
1586,3806248,서이수
1587,3275136,Lee Sang-moon
1588,1334564,김소이
1589,125074,신연식
1590,1299249,김수현
1591,1241056,이지아
1592,1347779,박유환
1593,1574620,김사권
1594,1591382,Goo Mo
1595,1246516,여운계
1596,77059,김을동
1597,77280,신현준
1598,138523,김원희
1599,230363,탁재훈
1600,1425274,문숙
1601,557743,이용녀
1602,1295461,박진주
1603,1617157,한지은
1604,126351,전소민
1605,2463271,백승환
1606,1134685,손호준
1607,572182,전노민
1608,3706218,양재성
1609,1673770,안소요
1610,932892,신연숙
1611,2078412,원미원
1612,3245388,이솔희
1613,2482126,서재우
1614,5852308,김영훈
1615,2421796,Koh Hoon
1616,117377,류덕환
1617,1649066,Jeong Hye-ok
1618,1197942,이민우
1619,2793385,Gerard Gwezenneg
1620,1025171,Christophe Kourotchkine
1621,1976981,Delphine Montaigne
1622,2075740,Mathieu Naert
1623,4827478,Guillaume Pellerin
1624,98131,박진희
1625,1257634,임정은
1626,1194671,전혜진
1627,232409,Kim Mee-jeung
1628,2614047,신주협
1629,4171479,Kang Hye-in
1630,1335936,이원회
1631,234591,백정림
1632,1029185,정유미
1633,1351550,안재현
1634,1255414,박세영
1635,1123505,김정난
1636,1901640,박지훈
1637,3443908,김보영
1638,2150704,김기두
1639,3019258,김이경
1640,3822527,Lee Young-kook
1641,2119920,이영석
1642,1109572,장규성
1643,586316,성유리
1644,1706713,Shin Min-chul
1645,1963223,유병재
1646,2108654,Chung Yeong-joon
1647,1254416,최정원
1648,3470217,배일집
1649,571173,이초희
1650,1234597,정준하
1651,87533,정태원
1652,3738757,송지현
1653,2959875,고재현
1654,3702972,김민주
1655,1414696,하연수
1656,2200895,Jo Seok-hyun
1657,1238552,이완
1658,1420466,윤철형
1659,2104288,감소현
1660,2473464,Kim Hee-seong
1661,1623388,김민주
1662,2305038,박수연
1663,2378597,신기환
1664,2381047,김현목
1665,2104895,금해나
1666,2644404,Han Jay
1667,1649049,박영남
1668,2702416,이인성
1669,2702419,최덕희
1670,1932455,Lim Kyung-won
1671,2258734,Kim Soo-jung
1672,6026966,금빈
1673,6024362,강성준
1674,1386540,류혜영
1675,1418840,민성욱
1676,1632457,Yun Jun-hyung
1677,1155299,Park Myung-rang
1678,1953455,조병규
1679,4547025,Han Eun-su
1680,2027339,준회
1681,2377668,Choi Hui-seung
1682,4547036,신승훈
1683,1419854,이시원
1684,1839362,박환희
1685,3522139,Jang Hye-won
1686,2399103,Kim Gyeong-yeop
1687,4312690,Kim Sung-min
1688,120901,옥지영
1689,2141187,윤혜리
1690,577394,박현영
1691,2895372,Cha Jeong-yoon
1692,1444366,김기천
1693,93997,진지희
1694,83123,김정은
1695,1253448,유동근
1696,87789,정흥순
1697,1756186,윤아영
1698,4024068,송하림
1699,4161155,이다슬
1700,4088702,장미
1701,1584816,이규창
1702,1464070,임화영
1703,112017,정식
1704,1107433,김휘
1705,64499,최여진
1706,4887370,푸바오
1707,4887372,아이바오
1708,4887374,러바오
1709,4887378,루이바오
1710,4887381,후이바오
1711,4818837,Thomas Ko
1712,4818835,심형준
1713,1257593,민효린
1714,1294560,김주호
1715,1233841,이윤지
1716,3676075,형영선
1717,1148560,Jay Song
1718,589760,권종관
1719,1648983,엄상현
1720,2128186,박선영
1721,5774268,Eom Jun-yeong
1722,1587629,신유람
1723,2637953,성낙경
1724,2648008,강인성
1725,2648012,이현웅
1726,3097704,Yang Ji-ho
1727,2648014,Kang Tae-ho
1728,2790263,우미화
1729,4784820,조현진
1730,3007092,Kim Dae-hyun
1731,1671441,허정도
1732,1673495,이요섭
1733,1280738,방은희
1734,1420429,Kim Ju-Yeong
1735,1420462,Sin Yu-jin
1736,1197140,트위스트 김
1737,1314711,Hee-cheol Kim
1738,1349146,송재림
1739,1578882,안우연
1740,2776202,소희정
1741,2275278,차정원
1742,4375697,현해리
1743,105412,임채무
1744,1239251,이소연
1745,1108039,Kim Sang-chan
1746,1108038,Hyeon-su Kim
1747,232017,임은경
1748,118688,신재호
1749,1703375,박나래
1750,2299805,김주형
1751,1991266,김선화
1752,87784,안재모
1753,2554179,Je-yong Mun
1754,1257631,이대로
1755,2076041,Kim Jong-jin
1756,1557976,윤태영
1757,141161,Choi Jin-won
1758,1619435,김정현
1759,1191711,길해연
1760,4315852,박성현
1761,3029687,Dawon
1762,4358684,윤동원
1763,4315858,Im Gyeong-ho
1764,2488718,So Jun-beum
1765,1887586,조윤희
1766,1234183,장용
1767,4794303,정찬영
1768,147500,양종현
1769,1167418,Kim Hak-jun
1770,125708,유하준
1771,2130573,기정수
1772,3626293,이소은
1773,4163352,박요한
1774,4024067,김새해
1775,3355025,장예나
1776,4871901,Im Da-yeong
1777,4871902,Jeong Ji-eun
1778,4871904,Baek So-hyeon
1779,1715383,정상훈
1780,1245069,고현정
1781,552153,Park Chul-kwan
1782,240960,배중식
1783,2654953,Kim Hyun-tak
1784,2132162,공상아
1785,4266403,정새별
1786,4039683,임승범
1787,3487269,Hong Yong-ho
1788,1295495,정선경
1789,1664807,윤하
1790,2839957,주종혁
1791,4305171,박승현
1792,4733495,Lee Yoon-hee
1793,3350095,전해리
1794,2570772,정길훈
1795,1890408,정현
1796,1890437,박완규
1797,1335928,박정식
1798,1890439,Jang Hyang-sook
1799,1890436,Kim So-yeon
1800,3181208,방연지
1801,3244103,사문영
1802,5473994,이명희
1803,578825,전숙경
1804,5754541,Kim Jeong-hoon
1805,5742803,Choi Young-jin
1806,123020,최정윤
1807,1764467,안미나
1808,2088072,Kim Yong-jun
1809,2085263,최신규
1810,2085264,Kim Jin-cheol
1811,138521,김희창
1812,2210940,이규성
1813,1816239,Lee Jung-gon
1814,16963,김정학
1815,553838,도용구
1816,4773050,고이경
1817,1350149,이태리
1818,1993741,오하늬
1819,3489586,이기창
1820,229729,아인
1821,4773049,Kim Jin-woong
1822,144135,권오중
1823,1177278,박희본
1824,1588284,신재하
1825,1421184,박주희
1826,1042232,안소희
1827,2990974,박상남
1828,4914404,이현소
1829,1594552,테라다 타쿠야
1830,3381037,조은유
1831,3641490,김수인
1832,1234599,김혜성
1833,1317057,Kim Young-chan
1834,1555604,Kim Jin-sung
1835,1284603,권재현
1836,1168323,김중기
1837,1202786,이성한
1838,4419362,Ham Cho-rom
1839,4871849,Kim Hyeong-gyo
1840,2284720,임선우
1841,2688877,노재원
1842,3206679,장성윤
1843,4873625,방원규
1844,2429701,임선애
1845,2255388,강길우
1846,1717332,정다은
1847,2203178,형슬우
1848,1045484,남경읍
1849,1346900,곽자형
1850,118674,장률
1851,1398346,Choi Ro-woon
1852,1571552,한상혁
1853,2139858,Kim Jeong-hwan
1854,3244111,박지윤
1855,4099894,Oh In-sil
1856,4099883,박영재
1857,4099899,Oh Su-gyeong
1858,3072285,Yu Hae-Mu
1859,141153,김영옥
1860,1649157,이항나
1861,3142451,김봉근
1862,2098673,박성일
1863,3046754,임지호
1864,1274619,전신환
1865,3443994,송덕호
1866,1606057,Choi Seung-yeon
1867,84752,박시연
1868,1250841,이수근
1869,142993,최홍일
1870,1334230,김정팔
1871,1294946,조민수
1872,2231633,치타
1873,2680552,Lee Soo-kwang
1874,2680554,최지수
1875,1827082,박세준
1876,1334538,남연우
1877,1285331,Beto Kusyairy
1878,139384,Shiqin Kamal
1879,1186563,Hasnul Rahmat
1880,111249,Vanida Imran
1881,1276005,Azhan Rani
1882,1206402,Adrian Teh
1883,2879363,박정표
1884,147507,정민성
1885,2481640,안이서
1886,1993004,Son Seung-ung
1887,3809669,정이주
1888,2643772,이선희
1889,1532270,임오정
1890,145999,오만석
1891,571167,Han Ye-won
1892,1677672,Chae Doo-byeong
1893,1318869,손수현
1894,3009034,오한결
1895,2381671,김윤배
1896,4035663,남미정
1897,3587645,Son Kyoung-won
1898,2550658,최진영
1899,1245668,견미리
1900,1296075,선우선
1901,1922480,Kim Ji-na
1902,2256730,강말금
1903,570002,봉태규
1904,1078672,장리우
1905,5043542,정순범
1906,3247875,양말복
1907,5190271,권용재
1908,4610491,황재필
1909,2955403,방태원
1910,4037951,황기석
1911,5246786,진성찬
1912,6066210,이승찬
1913,77057,정은표
1914,3751058,정보람
1915,4710727,감동환
1916,4441931,류세일
1917,3487277,Jo Hee-young
1918,1255877,윤진이
1919,125688,김가연
1920,96485,장동직
1921,2133924,옥자연
1922,1513619,기윤
1923,4091401,Lee Hye-jeong
1924,1330450,김중기
1925,1301249,Kang Tae-young
1926,1694394,이완민
1927,980289,오민석
1928,563551,한수연
1929,2206343,Koh Jung-wook
1930,109645,김남진
1931,109646,윤지혜
1932,109644,윤종신
1933,109642,용이
1934,1304602,안서현
1935,1545079,이주연
1936,1253475,정태우
1937,2097640,홍태선
1938,1492052,스테파니 리
1939,118657,박지일
1940,1374544,김대환
1941,2064247,강찬희
1942,2488717,Kim So-ra
1943,109310,Hwang Seung-jae
1944,1747532,김남희
1945,1199744,전석호
1946,2704194,문우진
1947,4210520,정민주
1948,1478252,Kim Hee-jung
1949,1274618,Kim Jae-heung
1950,78323,박준형
1951,3623732,박상민
1952,3656363,카작
1953,1254426,양희경
1954,1419852,박종환
1955,5186415,양미선
1956,1137334,장기범
1957,2141531,안지호
1958,1294914,윤유선
1959,2468846,No Tae-yeob
1960,4108143,Seo Jung-won
1961,150243,서장원
1962,1313733,한수현
1963,2435679,이금희
1964,3783655,Lee Tae-seok
1965,2435678,Goo Soo-hwan
1966,2083363,조현정
1967,2083365,김채하
1968,2083367,Kim Byeong-gab
1969,2193134,You E-den
1970,1631997,손성찬
1971,3245292,오세연
1972,2496632,한성민
1973,1790482,양흥주
1974,2124253,이민웅
1975,1852037,이우정
1976,4811530,이은지
1977,4811531,김미영
1978,4811532,김신용
1979,4726455,홍상진
1980,1496577,Bae Geu-rin
1981,1500831,Park Jung-min
1982,2378205,Lee Jung-min
1983,1295420,유하복
1984,2125943,고건한
1985,3901565,이시우
1986,3132669,전혜연
1987,3125622,Lim Jae-wan
1988,496935,성병숙
1989,4375692,Kim Seon-kuk
1990,2056753,주진우
1991,2000928,김어준
1992,2189098,이명박
1993,2189102,박근혜
1994,1193921,이인성
1995,1344674,정희태
1996,1856378,맹상훈
1997,1181919,오상훈
1998,139498,이영진
1999,1964659,정은경
2000,2352153,Kim Jun-sik
2001,3486910,Seo Ah-hyun
2002,4731534,송강원
2003,1660104,양현석
2004,428960,박예진
2005,1254630,이준혁
2006,3372364,이상호
2007,1108037,임세미
2008,2523069,강애심
2009,4248634,이미랑
2010,2205242,Kim Sou-hwan
2011,2116337,Kang Sung-ok
2012,3496703,Jung Eun-ae
2013,3496704,Seonhwa Kang
2014,3496706,Ye-Jun Jeong
2015,4497642,Dongryoul Joung
2016,4497641,Hankyeol Lee
2017,1930489,변규리
2018,3739904,Choi Dong-won
2019,1837938,Cho Eun-seong
2020,1998034,금새록
2021,3235180,강영석
2022,4062603,Han Ye-Ji
2023,2756628,조광진
2024,1621350,송은이
2025,1376567,김신영
2026,1376932,신봉선
2027,1621353,안영미
2028,3490072,Han Jung-chul
2029,3490074,Park Soo-jeong
2030,4131762,Park Jae-uk
2031,4131792,Han Ji-hyun
2032,4131794,Kim Ki-yon
2033,4131798,Lee Jung-haeng
2034,4131801,Han Seo-jin
2035,3174544,Gwon Myeong-guk
2036,1255724,오타니 료헤이
2037,1420832,장준녕
2038,2313949,Jung Se-kyo
2039,2441975,김금순
2040,2643775,윤금선아
2041,1074064,조현우
2042,1418738,김최용준
2043,3533192,이은주
2044,3487270,정지혜
2045,2022150,Jee Hye-won
2046,2777526,Kwon Min-pyo
2047,2326574,박나은
2048,1630811,김지훈
2049,5314484,전영수
2050,2756160,김다민
2051,2098684,노무현
2052,2098685,Lee Hwa-chun
2053,2189100,문재인
2054,1832077,유시민
2055,1522848,이창재
2056,2309895,정이랑
2057,4483855,박성진
2058,4039895,육미라
2059,1661283,박혜진
2060,2682979,정하용
2061,1106149,황승언
2062,2201946,정우식
2063,1576061,강봉성
2064,2188161,황미영
2065,1352954,우문기
2066,2762553,김용지
2067,1718841,김진우
2068,2159393,주석태
2069,4436251,Shin Jae-min
2070,2228587,김영성
2071,2458206,최준우
2072,2959679,이랑서
2073,1180459,김자영
2074,2948928,홍석빈
2075,3677722,Kim Tae-hoon
2076,2749940,오경화
2077,2340912,박세현
2078,3017887,전봉석
2079,2122175,이노아
2080,1930438,Kwak Eun-mi
2081,1454804,차선우
2082,1875669,유지애
2083,2383755,김소희
2084,1257556,오재무
2085,1649660,최민
2086,1949481,이상훈
2087,5064740,Ye ram Kim
2088,5064742,Seung Yoon Lee
2089,5064744,Da Ah Kim
2090,5064746,Min Gyo
2091,5064749,Jae Eun Shim
2092,3297099,Dong Cha
2093,1137388,이세나
2094,1052242,Park Ji-won
2095,2490270,김연교
2096,1179571,임호경
2097,4257779,Lee Ga-hong
2098,1696022,안민영
2099,3257324,공현지
2100,3788584,우현서
2101,2458208,임호준
2102,4724658,류정석
2103,1257589,한재석
2104,3685020,심소영
2105,1426631,한종훈
2106,3320544,권유경
2107,6305974,김사랑
2108,2965849,아누팜 트리파티
2109,6203409,김근호
2110,1649012,Soyeon
2111,1756187,강호철
2112,1756184,홍헌표
2113,1681260,김환희
2114,566367,이순재
2115,1552970,박현숙
2116,3059164,Cha Bong-ju
2117,2792564,김호중
2118,3140690,오윤동
2119,5308092,이찬용
2120,5308093,이가영
2121,5308096,Seo Won-seok
2122,3587863,Kim Bo-sol
2123,3181216,박윤희
2124,3181226,김현욱
2125,4555960,정지환
2126,3805636,Lee Seul-gi
2127,1398759,Yoon Bo-ra
2128,2452401,Kim Tae-hoe
2129,2441844,이란희
2130,2486491,변영규
2131,3229192,강형석
2132,6293190,김승준
2133,3450843,Jo Seung-won
2134,1907958,Kim Gwang-seok
2135,3581772,Seo Jae-ho
2136,3532857,Jo Hyun-joo
2137,4075240,Lee Sun-myung
2138,3719790,Adina Bazhan
2139,1680319,구성환
2140,563550,Lim Chan-ik
2141,71644,菅野莉央
2142,2309167,설준수
2143,4679855,이용석
2144,6222006,정호정
2145,6203395,위은경
2146,3925276,전영
2147,6203396,손광민
2148,4061400,김정숙
2149,2524753,박지원
2150,2693615,강경화
2151,4040849,임종석
2152,4853630,Park Hong-geun
2153,3755598,손선영
2154,1250036,장신영
2155,1686201,윤지민
2156,1044892,Kim Chul-han
2157,6203366,안해인
2158,6066331,태지원
2159,2822437,임영웅
2160,5760814,Kim Dae-sik
2161,6133869,이아흰
2162,6108298,박정수
2163,4012266,김봉희
2164,2463467,김중희
2165,5806136,맹주원
2166,3653484,여대현
2167,4498819,신영옥
2168,2379634,정병식
2169,3379398,김호락
2170,4853573,Jeong Hyeon-cheol
2171,4853576,Jo Wu-yeong
2172,1261194,샘 해밍턴
2173,2539573,최한
2174,1791846,Ryu Jung-oo
2175,3596846,Park Deu-ni-saem
2176,3596847,Lim Byeong-su
2177,3596849,Lee Yong-soo
2178,3596850,Jo Woo-cheol
2179,3596851,Kyeong Hyeon-su
2180,3108190,Lee Min-young
2181,65429,유야마 쿠니히코
2182,6108438,안상진
2183,6108435,한민영
2184,4173349,Oh Jung-hoon
2185,4173351,Ju In-young
2186,4173338,Kang Seung-won
2187,5070497,Kim Jae-hun
2188,5070498,Bae Mun-sang
2189,5070496,Lee Ju-a
2190,2422859,Bae Yoon-ho
2191,4534721,허하연
2192,3560845,Daechang Kim
2193,5201397,민우석
2194,5201404,이상하
2195,5201420,김태현
2196,5201385,Lee Sang-rok
2197,3031138,하영
2198,4168795,김장한
2199,3214314,모지혜
2200,1239240,유재석
2201,1239238,지석진
2202,1241035,김종국
2203,138519,하하
2204,5256267,안재철
2205,2299803,조효진
2206,3295315,임형택
2207,2299787,정철민
2208,3352836,이환진
2209,3855288,최보필
2210,3855079,최형인
2211,6048467,강형선
2212,1260409,김병만
2213,3225754,Kim Jun-su
2214,1856374,홍종찬
2215,2932270,Chae Yong-taek
2216,5182347,Han Ga-ram
2217,2887247,조혜주
2218,2720442,백지원
2219,3901212,Lee Min-soo
2220,2621980,려운
2221,3495015,최민영
2222,3124179,박단희
2223,2304866,유수민
2224,2359937,조유리
2225,1500616,최대훈
2226,1261196,주상욱
2227,1493897,손나은
2228,125706,이승영
2229,6066213,이소은
2230,1863428,이상이
2231,3507434,Lee Myeong-ro
2232,2732098,황창영
2233,5944526,이유리
2234,3031139,민응식
2235,2083366,심규혁
2236,2934417,코구레 코세키
2237,1350138,신동엽
2238,1662829,서장훈
2239,1878699,Kwak Seung-young
2240,1878700,Min Hyung-won
2241,1878701,Kim Min-won
2242,3910973,Ahn Jeong-hyeon
2243,1818072,표예진
2244,5558023,강보승
2245,4441568,이옥규
2246,2039962,임상춘
2247,1702876,김원석
2248,2123796,정순원
2249,6277957,조용원
2250,6277964,김윤영
2251,3028280,정선희
2252,1619570,토니 안
2253,1547207,조이
2254,1398345,육성재
2255,3134966,윤종호
2256,1489454,권혁찬
2257,1724565,이응복
2258,1253794,김은숙
2259,2074587,로몬
2260,1108065,천성일
2261,3280991,Kim Nam-su
2262,1246926,규현
2263,1627727,홍진경
2264,2018022,한해
2265,3887213,덱스
2266,3316781,Kim Jae-won
2267,3921638,Kim Na-hyun
2268,1604826,차은우
2269,1920791,유인식
2270,1973822,강은경
2271,2284551,Heo Da-jung
2272,1252016,문가영
2273,2333298,황인엽
2274,1765434,Kim Sang-hyub
2275,1878952,송강
2276,2334143,김지은
2277,2169916,윤지온
2278,2260714,유제원
2279,1948143,안길호
2280,1674545,최정규
2281,2132323,권소라
2282,2132216,서재원
2283,1879169,이재욱
2284,1736364,황민현
2285,1251238,홍정은
2286,1251237,홍미란
2287,1463872,박준화
2288,46364,오구리 슌
2289,84028,아오이 유우
2290,1454976,히로세 스즈
2291,146817,하야시 겐토
2292,6210260,UTA
2293,2230559,가타야마 신조
2294,1587504,류용재
2295,1619299,이혁재
2296,1250840,강호동
2297,2201125,문지원
2298,1628362,데프콘
2299,3284282,Kim Gayoung
2300,1913649,조현아
2301,1875638,경리
2302,3174324,남규홍
2303,3174325,나상원
2304,1834241,김세정
2305,1239677,안석환
2306,2406016,Kim Sae-bom
2307,21034,여지나
2308,2446775,최향윤
2309,2446776,이영아
2310,2539185,전미도
2311,1691327,이우정
2312,1691328,신원호
2313,2480883,이주빈
2314,1465074,박지은
2315,2901662,장영우
2316,2971576,김희원
2317,1702901,함승훈
2318,148675,김규태
2319,6309730,장명우
2320,1407750,이태환
2321,2331577,Yoo Jong-sun
2322,2526744,양경원
2323,2202026,이정효
2324,1761412,설인아
2325,1764464,Son Jeong-hyeon
2326,1751959,Jin Soo-wan
2327,3279196,송해나
2328,1492529,전효성
2329,3284131,Nasangwon
2330,3284141,Nam Gyuhong
2331,2011082,주민경
2332,1203073,안판석
2333,2318267,Kim Eun
2334,2877409,Choi A-il
2335,3986595,Kwon Da-som
2336,1967027,Choi Jong-il
2337,2300795,Kang Shin-hyo
2338,1671229,Boo Seong-cheol
2339,4903385,전소영
2340,5286174,백선호
2341,2791224,현우석
2342,4112648,박윤서
2343,4371353,박중섭
2344,148673,김소연
2345,105410,유진
2346,2176544,Joo Dong-min
2347,1794443,김순옥
2348,1615316,이학주
2349,301577,김진민
2350,1299213,Kim Ba-da
2351,2406306,차영훈
2352,1676246,박해영
2353,1496155,고원희
2354,1311205,김가은
2355,4286509,허남준
2356,1487428,장승조
2357,2752543,이세희
2358,3836848,Han Tae-sob
2359,1992503,강현주
2360,1565088,김민규
2361,1232904,이덕화
2362,3285113,한설희
2363,2145271,박선호
2364,2995806,Hong Bo-hee
2365,3507817,박윤호
2366,2166026,박훈
2367,2404074,권오승
2368,3181065,김보통
2369,1233840,구혜선
2370,1245820,김현중
2371,1246228,김준
2372,2289831,윤지련
2373,2937987,Jeon Ki-sang
2374,235731,김소현
2375,2353093,심나연
2376,2326348,이대일
2377,1703372,장도연
2378,1621340,장성규
2379,1248206,김은희
2380,1532980,도상우
2381,1875691,안솔빈
2382,1748128,Lee Myung-woo
2383,2157201,Son Geun-joo
2384,2208473,이승협
2385,4215922,김태엽
2386,4220681,Kim Bbang
2387,3862992,송병근
2388,2396068,김우석
2389,2790898,김정식
2390,5990070,남궁도영
2391,2973398,김환채
2392,4128933,최성준
2393,1149334,후쿠시 소타
2394,3105281,최우성
2395,2801340,유영은
2396,2685737,박신우
2397,2785157,조용
2398,2214912,Yoo Hyun-mi
2399,1722960,조현탁
2400,5491766,최성은
2401,3156717,최정화
2402,2725917,최규석
2403,1473879,윤균상
2404,1764047,Noh Jong-chan
2405,2938261,한희정
2406,3106723,은영선
2407,3178282,정선혜
2408,1674542,이채민
2409,1676563,오의식
2410,2002049,장태유
2411,1875711,안은진
2412,2402802,박현석
2413,1949686,이수연
2414,1813385,정채연
2415,2377695,배현성
2416,3134694,Kim Seung-ho
2417,1613836,로운
2418,2176669,남윤수
2419,2330965,배윤경
2420,2858603,Choi Byung-chan
2421,1599843,Song Hyun-wook
2422,1234280,장나라
2423,2260701,김가람
2424,4940627,최유나
2425,5407584,안종연
2426,6061076,진승희
2427,3221238,김무준
2428,2930427,우다비
2429,2485848,최광일
2430,3886741,김재현
2431,2643014,하윤아
2432,1308349,Kim Hyun-woo
2433,2415688,Jang Yeong-cheol
2434,4147401,Lee Kyung-shik
2435,1769578,Baek Mi-kyung
2436,5028022,임진웅
2437,24991,박상연
2438,1215643,Kim Young-hyun
2439,1182094,오지명
2440,1628216,박미선
2441,2144075,Kim Byeong-wook
2442,2540732,Cho Nam-guk
2443,1330918,박형식
2444,2340097,Han Sang-un
2445,1384687,김지수
2446,2033236,김경남
2447,1676541,백상훈
2448,2353086,정지현
2449,2359299,강혜원
2450,1985518,김태희
2451,1183550,송채윤
2452,1881078,보나
2453,1761327,윤성식
2454,5304254,Yoon Soo-Jung
2455,3383332,Lee Do-yoon
2456,3067051,Park Bo-ram
2457,1255712,박재범
2458,3555452,박보경
2459,1605872,정다빈
2460,2496608,신현승
2461,5965025,추송연
2462,2123570,탕준상
2463,2870602,홍승희
2464,1620721,박지윤
2465,1628179,장동민
2466,1620765,키
2467,4583833,Lee Geon-jun
2468,3133781,Hwang Seul-woo
2469,3135844,현지인
2470,4583828,Ko Hee-yeon
2471,3133776,Park Ji-ye
2472,3134594,윤현준
2473,1475861,백종원
2474,4851730,안성재
2475,4988171,최강록
2476,1459558,레이먼 킴
2477,3133775,김학민
2478,4895679,김은지
2479,3147316,Lee Chang-min
2480,1525928,송지은
2481,2410659,츄
2482,3852293,정현규
2483,5180585,이승현
2484,5180595,최현준
2485,2047234,강지영
2486,2328144,정종연
2487,2935381,Jeon Chan-ho
2488,3222239,신하은
2489,1346897,이무생
2490,1062391,박은교
2491,1954876,Choi Hang-yong
2492,1893926,강유석
2493,4301343,한예지
2494,1706709,정준원
2495,1254976,홍종현
2496,1574598,백현
2497,1667474,桐华
2498,3159475,장규리
2499,3758320,이두석
2500,3627224,박상우
2501,3289874,Wi Deuk-gyoo
2502,2349392,Kim Ji-woon
2503,2696932,윤난중
2504,1747746,우지현
2505,3943696,배정훈
2506,3888582,Choi Sam-ho
2507,4348977,Lee Hyun-Taek
2508,4348976,Moon Chi-Young
2509,4348975,Jang Gyeong-Ju
2510,3752368,이영돈
2511,3202770,이은샘
2512,1875636,예리
2513,3209018,이종혁
2514,2939496,박시우
2515,4088926,Jung Sung-eun
2516,4088925,Min Ji-young
2517,1311381,Park Kye-ok
2518,1376928,조권
2519,1232180,지상렬
2520,1241032,김희철
2521,3281948,Jang Hyuk-jae
2522,1893575,Ha Byung-hoon
2523,1763223,김수진
2524,2279387,노희경
2525,1115730,전혜빈
2526,3271690,강상준
2527,4117169,Kim Jae-hong
2528,3443779,김민석
2529,3223741,조한결
2530,2252435,유나
2531,3481944,문현경
2532,2934419,채종협
2533,2736784,김주헌
2534,1645475,오충환
2535,1171109,박혜련
2536,4741848,신중훈
2537,118686,Kang Chul-kyu
2538,1244834,박해진
2539,145379,김유미
2540,1674533,Cho Yoon-young
2541,70688,김희선
2542,4058670,Llama
2543,1256349,조보아
2544,1252019,오연수
2545,2120710,김우석
2546,2130992,진창규
2547,2506031,황희
2548,3461308,조남형
2549,2808950,Han Woo-ri
2550,2033111,배해선
2551,6402935,김정욱
2552,582555,장서희
2553,1246953,변우민
2554,1246954,이재황
2555,1552872,금보라
2556,83382,김동현
2557,2411406,김호영
2558,3175537,박상혁
2559,3135776,김윤영
2560,1838280,장석진
2561,1336800,이재원
2562,3362796,Kwon Hye-ju
2563,3262846,Lee Na-eun
2564,139502,임수향
2565,3807808,신준섭
2566,2081771,조우리
2567,2767718,Choi Seong-beom
2568,3116034,홍민기
2569,2784956,한소은
2570,5720111,함영걸
2571,6021300,이선
2572,1787992,고민시
2573,2261282,모완일
2574,3003834,장률
2575,4181602,Lee Ra-ha
2576,1296091,이남규
2577,1664895,윤박
2578,3329897,공성하
2579,1769078,박원호
2580,1853572,오현종
2581,2475641,백선우
2582,1992300,신도현
2583,2353088,Kwon Young-il
2584,2260689,Im Meari
2585,1578115,세훈
2586,2082223,소주연
2587,2087240,윤나무
2588,1676540,Kim Seong-yoon
2589,2261272,Moon Yoo-seok
2590,1770972,Lee Na-jeong
2591,3141333,오승열
2592,2133921,이봉련
2593,2491550,김진아
2594,545757,박선영
2595,3268824,이은지
2596,3320705,카더가든
2597,3244700,조욱형
2598,5496336,김노은
2599,5496337,원승재
2600,4578275,Oh Jun-hyeok
2601,1496147,최태준
2602,1799123,권나라
2603,1831103,동하
2604,1671448,양혜지
2605,5789326,정서
2606,1256390,성훈
2607,2929020,이가령
2608,1253440,이태곤
2609,235732,박주미
2610,4287984,오상원
2611,2815647,임성한
2612,63441,김창완
2613,1499093,Shin Won-ho
2614,1407537,진혁
2615,1953453,하준
2616,1547200,유라
2617,1352803,이필모
2618,2029691,Nam Ki-hoon
2619,2180634,Noh Ji-sul
2620,1175718,유영아
2621,2353089,Kwon Do-eun
2622,2663920,최영준
2623,3102492,윤성빈
2624,5698278,아모띠
2625,4155286,장은실
2626,3713734,장호기
2627,1694908,Seo Sook-hyang
2628,4222537,민송아
2629,936836,장희진
2630,2625507,Jung Seo-yeon
2631,2663912,Yoo Jung-hee
2632,1682698,김철규
2633,1252344,Park Jae-jung
2634,1622171,공현주
2635,1235047,이지훈
2636,1649086,박수오
2637,3389082,임재혁
2638,124392,강풀
2639,4218108,이한별
2640,1256488,권유리
2641,1107289,Jeong Jeong-hwa
2642,2395699,조석
2643,3638254,Oh Eun-sol
2644,3638255,Hayoung Jung
2645,3638256,No Yuna
2646,3638252,Choi Jeong-gyun
2647,37928,정서경
2648,3157386,김이영
2649,1354108,손담비
2650,2152558,김도훈
2651,5217941,함준호
2652,5217943,지은
2653,3688121,이현준
2654,3722125,이정림
2655,2485939,장동주
2656,125729,김정권
2657,3908959,Jo Woong
2658,2475642,최보림
2659,6176319,설영호
2660,5988048,강소연
2661,1253447,이현진
2662,1101359,이재윤
2663,3570790,저스틴 하비
2664,932764,정인선
2665,1450900,윤현민
2666,2146238,Kim Hyung-suk
2667,1331995,So Hyun Kyung
2668,3530091,박봉섭
2669,2431007,Tae-heui Kim
2670,1796973,Kim Jin-woo
2671,1770973,Yu Bo-ra
2672,1250844,성시경
2673,1313549,김인식
2674,1240218,장근석
2675,1251234,정용화
2676,1251235,이홍기
2677,1251124,유이
2678,1789814,Hong Sung-chang
2679,2098662,최희진
2680,3261027,김현진
2681,2294503,이광영
2682,32163,Kwan-Young Lee
2683,5928177,Kim Da-rim
2684,96119,Marc Thompson
2685,4435587,James Brown Jr.
2686,3184397,Barrett Leddy
2687,1486744,Samantha Cooper
2688,4435589,Valory Pierce
2689,1763964,Kim Jae Hyung
2690,2723140,Koh Tae-wook
2691,138113,남규리
2692,1489456,Lee Mi-na
2693,1512730,Jung Dae-yoon
2694,3206662,Kim Sang-ho
2695,2164926,Kim Tae-hee
2696,6033954,산경
2697,3912502,류해준
2698,4108492,Choi Young-lim
2699,1248765,홍리나
2700,553714,이응경
2701,583157,Kim Da-hye
2702,5053594,Na Yong-Geun
2703,2184678,박아인
2704,517090,배세영
2705,1771405,Shin Kyung-soo
2706,3820923,Lee Kyung Tae
2707,4896854,김아롱
2708,4759460,이현
2709,1644622,김성주
2710,3153738,정우진
2711,3153739,서하연
2712,3447551,윤현수
2713,2024143,Kim Dae-woong
2714,4108513,Lee Hye
2715,1910995,박영린
2716,1910989,이재우
2717,1570789,서하준
2718,4112537,Jeong Seo-ha
2719,2002936,Lee Hyun-jik
2720,1855455,Choi A-ra
2721,127792,박연선
2722,2372924,Jo Yoon Jung
2723,1645476,Ha Myung-hee
2724,1475936,Jo Soo-won
2725,2624793,Nam Sung-woo
2726,6019075,nam seong-woo
2727,2500008,Jung Yeo-jin
2728,6019083,ha goo-dam
2729,2470711,Kim Hyung-sik
2730,3801667,Park Ba-ra
2731,1710469,양세형
2732,1500906,뱀뱀
2733,2984609,이대호
2734,1897018,도영
2735,1239242,은지원
2736,2514329,정동윤
2737,3193178,Lee Shin-hwa
2738,2476362,김재용
2739,1794442,Choi Young-hoon
2740,3164914,Kim Yoon
2741,3822224,Han Shin
2742,3810519,류승곤
2743,4730829,Joo Suk-In
2744,2759504,Min Hong-nam
2745,1875826,연우
2746,3244773,김재원
2747,2593233,Park Ji-sook
2748,1257603,정은지
2749,1330916,최진혁
2750,1252022,이형민
2751,1348599,이시언
2752,2579771,Kim Won-Seok
2753,3391312,지혜원
2754,2870995,이원정
2755,4082907,배현진
2756,3147588,Choo Hye-mi
2757,2313276,Kim Jin-won
2758,1964759,Chae Seung-dae
2759,2054524,이필립
2760,1257657,황찬성
2761,2167618,이상엽
2762,2334386,이상엽
2763,1711062,차지연
2764,3146147,Kim Jung-min
2765,2683800,Lee Geun-young
2766,2396050,김요한
2767,5558016,장영석
2768,1254667,노홍철
2769,1875834,딘딘
2770,3609392,츠키
2771,4214237,Park Jin-kyung
2772,4859329,Moon Sang-don
2773,2276755,Kim Jeong-hyeon
2774,3141735,박홍균
2775,3962493,Kim Byeong-su
2776,2375964,Jung Hyo-min
2777,1164503,심희섭
2778,2808949,Nam Geon
2779,1764031,Kang Il-soo
2780,2936824,Han Hyun-hee
2781,2756623,Sohn Hyung-suk
2782,1701050,오연아
2783,1999982,Lee Jong-jae
2784,2167334,소재현
2785,1350092,김재경
2786,2056902,구자성
2787,1257611,정애리
2788,5935109,Kim A-jung
2789,1423407,표민수
2790,3289706,Kim Yoon-jin
2791,1401531,수현
2792,2181746,김동희
2793,2785844,진한새
2794,2087239,곽선영
2795,3254816,백성철
2796,2144091,이정흠
2797,3281942,Seong Choy
2798,2475737,정윤하
2799,5089793,조이건
2800,2097778,김동원
2801,2149762,유수빈
2802,4185856,배나라
2803,3223740,Jung Su-yoon
2804,1633132,김준현
2805,1547169,이휘재
2806,2422003,Lee Gwan-won
2807,2422004,Jung Woo-jin
2808,2422002,Kim Joon-Soo
2809,2042979,김건우
2810,2813795,조영민
2811,1704081,여회현
2812,2887250,Jung Jae-Oh
2813,2233284,Seo Min-jung
2814,3433460,Choi Yoo-Jung
2815,3433463,Jang Yoo-Yeon
2816,2149805,Kwon Seok-jang
2817,6144363,백은경
2818,1099790,Kim Mi-joo
2819,2202003,Jung Hyun-jung
2820,1260581,Park Lee Hoon
2821,6002884,황동희
2822,4532454,한지안
2823,2123187,정유민
2824,1334566,강신효
2825,1497218,오승윤
2826,4287994,Yi Bam-be
2827,4350313,Young
2828,1073874,고준희
2829,1244801,연정훈
2830,2997015,Choi Do-hoon
2831,1235481,최수종
2832,1971304,이시아
2833,132148,백성현
2834,3534487,Jeon Woo-sung
2835,1698195,박예영
2836,3149875,Kim Seon-deok
2837,2790262,Choi Soo-young
2838,1496599,김다솜
2839,1523030,조세호
2840,1523055,써니
2841,1523058,허영지
2842,1523059,이국주
2843,92678,김미숙
2844,1748127,박경수
2845,1237976,김태희
2846,1678451,고보결
2847,3031137,서우진
2848,1239245,정동환
2849,2359942,안유진
2850,1251697,노민우
2851,1257602,박수진
2852,2605967,강훈
2853,2786855,Choi Hyo-bi
2854,1860101,이엘리야
2855,1910577,Park Young-soo
2856,2396991,손상연
2857,2399088,김강훈
2858,1428371,Jo Young-kwang
2859,2493496,Jung Bo-hoon
2860,1251075,반효정
2861,2235361,Min Yeon-hong
2862,1649634,이정신
2863,1258624,곽희성
2864,2202218,Oh Jin-seok
2865,939138,송창의
2866,1253443,소이현
2867,2704830,김민하
2868,3053708,무진성
2869,4933168,도운
2870,5785644,타잔
2871,1697747,나영석
2872,2127043,박현용
2873,1829402,김진우
2874,2160064,Baek Su-chan
2875,2340170,이용진
2876,1632772,존 박
2877,2919317,카리나
2878,4592056,Kim Seo-goo
2879,1235045,이다해
2880,2289830,Jun Ki-sang
2881,4406082,김수연
2882,4522315,김병남
2883,2850595,Han Ji-wan
2884,1036295,김남주
2885,1968669,Im Tae-kyung
2886,545146,백진희
2887,2862294,정의제
2888,583164,강부자
2889,3196317,Han Joon-seo
2890,3195283,Jo Jung-joo
2891,1493885,김민재
2892,2275268,박원국
2893,3624865,Kang Hee-joo
2894,2438089,Yoo Won-Sang
2895,1244815,이영아
2896,1247869,Lee Yong-seok
2897,1254360,Jung Hyun-min
2898,3777335,Shin Gyeong-su
2899,1253552,지현우
2900,3156313,이상준
2901,1406205,Hong Seok-ku
2902,2790264,이연
2903,2830691,이수현
2904,4053053,한우주
2905,125573,김혜리
2906,2167430,Lee Min-woo
2907,3727909,오현중
2908,1299278,김혜은
2909,3776829,김영환
2910,1556378,윤태호
2911,1304597,Lee Suk-yeon
2912,5131428,하유준
2913,5987778,김선민
2914,2261147,Kim Sung-yong
2915,1442596,남지현
2916,3534482,Kim Shin-il
2917,3288721,Lee Jeong-woo
2918,2296754,Kim Hyun-Soo
2919,3362793,Lee Byeong-hun
2920,1989538,정세운
2921,2888395,김중혁
2922,3466016,Park Su-ji
2923,3922215,Kim Jung-hyun
2924,3748842,이상운
2925,3748834,박희정
2926,2933047,김민규
2927,2202014,Kim Ji-hee
2928,1717333,이유진
2929,2625518,Ryu Bo-ri
2930,1307506,승리
2931,1962996,이재진
2932,2158657,Son Se-bin
2933,2141472,Jinu
2934,2042738,Park Jun-soo
2935,2613073,Jeon Chang-geun
2936,2613075,Bae Hye-Soo
2937,1238981,명세빈
2938,2149202,Min Woo-hyuk
2939,3234010,송지호
2940,2890195,Kim Dae-jin
2941,4033576,정여랑
2942,1182498,한지승
2943,3139164,한가람
2944,1251816,Lee Dong-yoon
2945,4582887,Ra Ha-na
2946,3134692,Chae Yoon
2947,1251582,송종호
2948,2160068,Man Chwi
2949,2160066,Lee Hee-myung
2950,3134668,김종태
2951,4263,김정영
2952,1101372,문희경
2953,1291040,정은우
2954,2706152,연미주
2955,4705681,김시은
2956,4705683,김은솔
2957,4705685,홍준
2958,1649013,이소영
2959,1257577,김유리
2960,1258631,황선희
2961,2142252,정제원
2962,3145801,Kim Hye-young
2963,6003646,hong jong-chan
2964,3053046,Ha Il-kwon
2965,1238554,이휘향
2966,1486292,서효림
2967,1254981,오현경
2968,4098127,Nam Tae-jin
2969,1649008,시영준
2970,4071595,Kim Min Joo
2971,2296835,Kang Chul Woo
2972,2580892,Rilmae
2973,1987895,Do Hyun-joo
2974,4735709,차강윤
2975,5685938,이신기
2976,1723485,서지훈
2977,2850583,임현욱
2978,3439921,김이랑
2979,1764182,이재훈
2980,1029154,한예슬
2981,1257639,정겨운
2982,1257555,왕지혜
2983,1140792,한상진
2984,84723,Park Eun-young
2985,2099393,Park Hee-kwon
2986,1257613,고주원
2987,1251241,한정수
2988,2625496,Son Jae Sung
2989,4242628,이종수
2990,1753983,Yu Dong-Yun
2991,2313220,Park Chan-hong
2992,3448477,박상영
2993,2994144,Seo In
2994,1918349,Song Sang-eun
2995,87890,남상미
2996,1257547,김승수
2997,2838969,조아람
2998,4151429,Song Jeong-won
2999,4632054,Lee Chung
3000,2674515,이기택
3001,3175463,Park Sun Hee
3002,1573093,수호
3003,1654631,송영규
3004,3193176,Kim Ru-ri
3005,3789579,이시우
3006,3237854,이은재
3007,2471282,Shin Yoon-sub
3008,1500918,최영재
3009,2381636,민니
3010,1970653,한현민
3011,2790909,Kwon Ik-jun
3012,1255800,서도영
3013,3406371,서범준
3014,2988457,Song Min-yeop
3015,122157,나카무라 유리
3016,1668610,나리타 료
3017,9707,伊藤歩
3018,1462014,츠키카와 쇼
3019,2699059,한준우
3020,3844775,Song Su-han
3021,1644623,안정환
3022,3245607,권일용
3023,1251296,윤두준
3024,1257619,김하균
3025,1985760,Choi Moon-seok
3026,2691195,Ahn Byoung-wook
3027,1347778,왕지원
3028,1510533,이준
3029,3095957,이태빈
3030,4403020,차주완
3031,3395559,오민수
3032,4403022,차웅기
3033,4497738,Kim Gyun-ah
3034,4403027,화차
3035,5326608,Aquram
3036,592256,이세은
3037,1180185,최재성
3038,570899,손태영
3039,1764050,Lee Jong Han
3040,1764051,Ko Kyung Hee
3041,1764034,Lee Hwan Kyung
3042,2885448,박재찬
3043,4862292,Kim Woo-hyun
3044,4185968,Park Soo-jung
3045,5178615,Kim Ho Soo
3046,1238642,김정훈
3047,1527159,Dennis Oh
3048,1093223,이보희
3049,2144090,Park Yong-soon
3050,2946950,최경훈
3051,3481943,Hwang Seung-ki
3052,3842502,Kim Soo-jin
3053,2037998,윤산하
3054,1243486,박은혜
3055,1046709,유건
3056,1278178,배슬기
3057,3535850,Bae Tae-seop
3058,1852380,Lee Kyoung-hee
3059,1244947,김민종
3060,2381127,Han Jung-hwan
3061,3730597,Kim Moon-kyo
3062,2256407,신예은
3063,224629,Kim Jung-min
3064,1402693,이성열
3065,3533008,Sung Joon-hae
3066,2383560,Sung Joon Hae
3067,3694988,이봄소리
3068,3013047,Jang Ji-yeon
3069,3531738,Won Yoo-jung
3070,2314736,서진원
3071,1169315,이지하
3072,5681652,최형준
3073,938258,김혜선
3074,1350087,윤주희
3075,1254974,박건태
3076,1772062,홍금비
3077,1530744,최성원
3078,1753985,전인화
3079,235067,박상민
3080,1222436,이태성
3081,2850584,Lee Gil-bok
3082,2261281,Je-in
3083,1594539,전현무
3084,3886087,곽준빈
3085,1684447,Han Cheol-soo
3086,3286299,Kim Yong-min
3087,2059080,Kim Yong-min
3088,1805253,박상원
3089,1256391,김종학
3090,2125145,Song Ji-na
3091,2353091,Yun Gyeong-a
3092,1748129,Son Hyung-Suk
3093,2384507,Lee Sae In
3094,2772159,Kim Hee-ju
3095,151320,Philece Sampler
3096,2087013,BJ Lee
3097,2260426,이종원
3098,4935752,Ryu Won-woo
3099,3134689,La Ha-na
3100,1693250,곽중환
3101,1436018,찬열
3102,1893580,한보름
3103,2120094,태원석
3104,3288923,권아름
3105,4790008,채송이
3106,3118861,문태유
3107,4117545,Lee Seo-hyun
3108,4117550,Lee Hyeon-jung
3109,1256345,엘
3110,1351407,윤소희
3111,1903633,Shin Ji-soo
3112,1238647,강남길
3113,1965788,Hyun Wook Song
3114,2486578,이진혁
3115,4023669,Park Soo-jin
3116,4023626,Kang Bo-seung
3117,1761326,이다인
3118,1066220,오창석
3119,1623728,엄현경
3120,1255725,신동욱
3121,2083708,홍지윤
3122,1253559,홍은희
3123,2435269,Hye Won
3124,109307,최강희
3125,240144,김재중
3126,1472200,Jang Ah-young
3127,1607799,Lee Tae-seon
3128,1621351,김숙
3129,1340832,장우영
3130,2160328,주우재
3131,5025582,박인석
3132,2287466,김대희
3133,1254394,김준호
3134,1594569,유세윤
3135,1620770,홍인규
3136,1293124,이경규
3137,1574049,문세윤
3138,2341993,이진호
3139,2359481,Kwon Hae-bom
3140,4338917,Park Hyun-seok
3141,1528085,윤보미
3142,3589555,시미즈
3143,2144078,Kim Young-ki
3144,1504978,장유상
3145,1746548,나해령
3146,3281008,Song Yeon-hwa
3147,4159889,지예은
3148,6107348,Lee So-min
3149,4859337,Hwang Yoon-seo
3150,2478780,이시훈
3151,3453465,Sung Chi-wook
3152,5294421,Jung Soo-mi
3153,1908270,이창훈
3154,1659343,Lee Byeong-hoon
3155,1254019,이효리
3156,1235326,류진
3157,1247346,김정화
3158,1629973,이훈
3159,2078535,박지연
3160,1903415,Lee Jae-gon
3161,1233712,손창민
3162,3288938,강솔
3163,118667,김희정
3164,139516,김성민
3165,3195364,Park Young Soo
3166,1253793,이상민
3167,2182768,신고은
3168,2182769,Hwang Bo-Mi
3169,1257662,Yoon Ho Im
3170,1992974,Yoon Ryu-Hae
3171,2265560,이호정
3172,2395991,황준혁
3173,3203543,Han Jin-sun
3174,1613005,한정훈
3175,1252339,함은정
3176,1252341,Jeong Ji-ah
3177,1209179,한혜숙
3178,1420983,길용우
3179,2612409,송진우
3180,2285881,Seo Joo-wan
3181,4859336,Chang Si-won
3182,3041392,Choi Tae-Gyu
3183,1891590,Kim Do-hyung
3184,1384538,Kwon Soo-hyun
3185,2173883,Ko Jae-hyun
3186,4210256,Yoon Ra-young
3187,4864140,尹祉動
3188,1229707,오윤아
3189,1764465,Lee Dong-Hoon
3190,2369771,김시은
3191,1803427,이윤정
3192,4969519,유현주
3193,1250843,김종민
3194,1703373,양세찬
3195,231506,이혜은
3196,1374515,이연두
3197,2471276,Lee Tae-gon
3198,1255410,손은서
3199,1814011,Kim Won-suk
3200,2387428,Shin Woo-chul
3201,117508,김소은
3202,1671230,Moon Young-nam
3203,3475516,Choi Kyung-mi
3204,105409,하석진
3205,1255386,Kim Soo-hyun
3206,5116448,항성
3207,5116449,이대한
3208,5916524,장홍제
3209,5116434,이민수
3210,2260418,김영대
3211,1353857,서이숙
3212,3156019,Moon Ji Young
3213,1875788,엑시
3214,3133987,이세온
3215,2261289,Oh Hwan-min
3216,2791229,박혜은
3217,2791231,권지우
3218,2511417,Chung Se-rang
3219,2261211,Hwang In-hyuk
3220,1070716,정찬
3221,123019,김규리
3222,2361770,Kang Seok-jung
3223,2409745,Choi Ji Won
3224,2409746,Kim Tae-yul
3225,2409747,Seo Sung Gwang
3226,2409748,명지연
3227,3542213,김흥동
3228,1249786,류시원
3229,548063,이용우
3230,2299933,Shin Yong Hwi
3231,3527057,빠니보틀
3232,3898586,이원지
3233,1992780,김태호
3234,3936369,Kim Hoon-beom
3235,1619558,김현정
3236,1492833,소유진
3237,118692,김재원
3238,1239239,박경림
3239,3248939,Lee Chang Han
3240,1257630,Han Hye-rin
3241,1257629,Seo Woo-rim
3242,1243890,박솔미
3243,3175540,유철용
3244,1764044,Woon Goon Il
3245,2706205,최수린
3246,1962025,유혜리
3247,3646703,정근우
3248,3646704,정성훈
3249,2508712,이승엽
3250,3285034,박용택
3251,3415398,이택근
3252,3135712,최현석
3253,4988209,윤남노
3254,1574624,이민영
3255,553688,오승은
3256,141151,김기방
3257,3664763,Lee Ho-hyun
3258,1257644,채상우
3259,3293840,Hwang Da Won
3260,4168421,진용진
3261,2286908,이사배
3262,4821619,차홍
3263,2120581,이재석
3264,4522623,Son Soo-jung
3265,4859323,Son Soo-jeong
3266,1752600,Kim Ji-min
3267,1257669,엄효섭
3268,2836135,Park Sang-kyu
3269,3819277,Kim Kap-su
3270,2822440,정동원
3271,4258025,Lee Tae-gu
3272,1574623,Park Jin-seok
3273,4395741,Jeong Hee-seon
3274,1989529,JR
3275,1901635,윤지성
3276,3239726,Ahn Ji Sook
3277,3135040,Kwon Min-soo
3278,1243254,안재욱
3279,4098161,Lee Min-woo
3280,4098164,Min Seon-ae
3281,1481009,Choo Soo-hyun
3282,2763172,Kim Min-gyeong
3283,3579154,Goo Sung-joon
3284,4740532,오지영
3285,3645092,Park Go-woon
3286,2078509,Lee Won Chan
3287,2595112,Kang Shin-hyung
3288,4063575,Lee Hyun-seok
3289,1632258,박정수
3290,2476278,Myung Hyun-woo
3291,3226664,Kim Jong-hyuk
3292,3948731,Jo Sung-hyun
3293,1427112,김민
3294,1547165,서인영
3295,1632710,노사연
3296,1639382,박가희
3297,144134,조수민
3298,2068707,지수연
3299,2332082,기안84
3300,1246965,신동
3301,4198333,나선욱
3302,2252328,이호철
3303,2286203,이규호
3304,4398958,Park Joong-won
3305,1222440,한지훈
3306,1987137,Yoon Sang-ho
3307,3917145,김서영
3308,3917147,변영희
3309,1865380,Kim Yang-hee
3310,4446327,Jang Young-mo
3311,4446325,Park Min-seol
3312,3167266,김병세
3313,1490173,하유미
3314,3361125,강산
3315,1255723,이수경
3316,552071,고은미
3317,83221,김선아
3318,1487437,차화연
3319,2001937,김늘메
3320,1255878,イ・ジョンヒョン
3321,2674503,Jin Ye-ju
3322,1763200,이재진
3323,1126246,Min Doo-sik
3324,1578102,카이
3325,4223649,Go Min-seok
3326,3644029,우정원
3327,1807514,Kim Yun-cheol
3328,4088212,Joo Young-ha
3329,1246923,동해
3330,1454802,윤예주
3331,3236409,최원명
3332,3173551,Lee Yoo Yeon
3333,4430980,Hyuno
3334,554576,黒田福美
3335,2261187,Park Gyung-ryeol
3336,1428695,Hong Chang-wook
3337,1620104,Oh Joo-eun
3338,3818730,Hwang Joo-ha
3339,3818729,Chung Jung-hwa
3340,126347,도지원
3341,4451851,Jung Ji Woo
3342,1545928,선우재덕
3343,1523572,박은석
3344,3157108,장양호
3345,1550916,Kim Dong-ho
3346,1743917,Kisum
3347,1678532,Yang Hak-jin
3348,118694,진태현
3349,5064039,김민종
3350,1193410,박지빈
3351,1254417,박건형
3352,3224382,Lee Min Chul
3353,2332230,양정우
3354,4566846,Lee Jung-won
3355,1251074,Min Young-won
3356,1764045,Jung Hyo
3357,2094151,이욱정
3358,3411888,Seong Do-joon
3359,3328980,Joo Se-Bin
3360,2074083,형원
3361,3347154,Lee Seung-heon
3362,3347155,Bae Hyeon-jun
3363,3347136,Kim Ha-jun
3364,3721918,Oh Chung Pung
3365,2220845,예서
3366,1632456,강민경
3367,1620758,김나영
3368,3142496,김원중
3369,5174384,백헌석
3370,5174386,신상용
3371,5174387,정은비
3372,1233632,윤은혜
3373,2195043,Kim Soo-ryong
3374,3370738,육준서
3375,2762543,영훈
3376,2687759,徐愷
3377,3313685,Reiko Hiroshima
3378,6092590,이지현
3379,87783,박상면
3380,1107744,민복기
3381,2033100,Park Hyung-ki
3382,3379645,Jang Ki-Hong
3383,2074105,지코
3384,2578241,크러쉬
3385,3225759,Park Na-eun
3386,1138821,보아
3387,20263,서지석
3388,121731,이영은
3389,1123504,박지윤
3390,1246906,이정길
3391,118716,홍석천
3392,6067001,Ahn Seong-hwan
3393,572519,변정수
3394,87895,채민서
3395,1491631,임동진
3396,1764043,Yoon Jung Gun
3397,571724,김대현
3398,140863,Oh Jong-rok
3399,2055690,이수지
3400,2743517,곽승영
3401,3136229,김다정
3402,5617183,이승현
3403,5982821,채정현
3404,5982822,강동현
3405,4105573,육소영
3406,5982823,김보람
3407,5982824,장혜린
3408,5982825,박이레
3409,5982826,최지수
3410,5982827,최은빈
3411,5982828,권예진
3412,5982829,이예진
3413,1398349,Lee Chae-mi
3414,141150,김형범
3415,2052864,문보령
3416,2407910,배민준
3417,2625485,Ko Heung-sik
3418,1505668,이인혜
3419,1940499,Park Jun-hyuk
3420,1249206,우희진
3421,1732763,장희령
3422,6049691,최룡
3423,4832673,조유진
3424,1333416,유노윤호
3425,3755404,박이안
3426,3755406,김원구
3427,4738698,An Seong-cheol
3428,4738701,Jeong Yeong-ho
3429,2553556,Seol Young-Beom
3430,2553582,유성웅
3431,1237912,이유진
3432,3571181,엄지윤
3433,1878697,장윤정
3434,3137408,조영수
3435,3137416,이무송
3436,3137396,임소정
3437,3137395,손슬지
3438,3137394,전수경
3439,3206380,조정식
3440,77055,이재은
3441,3215118,김양
3442,3215120,이종한
3443,3215112,박경리
3444,1957630,고우리
3445,2110514,김미희
3446,2534679,Jang Gi-won
3447,553690,박탐희
3448,1627831,조혜련
3449,1243895,이효춘
3450,118720,Park Jun-seok
3451,2319378,이석훈
3452,2450297,최태성
3453,1325279,김수현
3454,561199,남보라
3455,1079581,윤미라
3456,3010130,김성용
3457,1862093,서유나
3458,4103862,Angus Yang
3459,3811408,강나언
3460,5055095,최건
3461,2396059,손동표
3462,4935701,한채린
3463,5055102,Bae Ha-Neul
3464,1257616,박정철
3465,971901,허영만
3466,1966738,미미
3467,1539733,정혜성
3468,1928087,Do Ki-seok
3469,4287902,유정수
3470,2395310,이현이
3471,3581826,하리무
3472,5756366,쯔양
3473,1619313,박명수
3474,2885449,나나
3475,3048228,윤현석
3476,3146378,금동현
3477,3714521,하선호
3478,3714506,Kim Bo Ra
3479,3564254,Son Ye-eun
3480,1674759,강형욱
3481,1332376,이수련
3482,2183026,Kang Eun-mi
3483,4131137,Lee Eun-kyung
3484,4173051,Chae Jin-ah
3485,4023916,김대호
3486,2335805,권은비
3487,4331327,김예슬
3488,87541,유채영
3489,5720134,Baek Si-won
3490,5720135,Seo Yi-je
3491,5720137,Park So-jeong
3492,5720138,Lee Jun-su
3493,5720139,Seo Su-bin
3494,3240407,아이키
3495,1122530,박규리
3496,1901639,김재환
3497,1625142,붐
3498,1344971,황수정
3499,1250085,Kim Ki Hyeon
3500,1246904,김기범
3501,543672,이재룡
3502,2034516,Park Hee-yeon
3503,2074082,Yoo Ki-hyun
3504,2616093,김연경
3505,1492973,하연주
3506,1547202,김예원
3507,1632813,김재이
3508,127710,한지혜
3509,3207548,Lee Jin-suk
3510,5992862,송승일
3511,6017631,차빈
3512,6162206,윤현제
3513,6162251,신현우
3514,6162195,김재진
3515,2205888,김국진
3516,1620754,김완선
3517,1620749,강수지
3518,4570070,김민
3519,1627829,남희석
3520,1632711,최자
3521,105413,윤다훈
3522,1079582,이대근
3523,2580375,송창의
3524,5765495,이제권
3525,2044646,이영유
3526,2430096,노희영
3527,4988208,권성준
3528,3142458,여운혁
3529,3254025,에드워드 리
3530,1956051,Jung Se Ho
3531,1234596,박해미
3532,2233341,Rob Sixsmith
3533,2255362,최성호
3534,107751,김석훈
3535,3225386,김진
3536,1220730,정다빈
3537,1632773,허정민
3538,5270678,정지영
3539,1620687,장동혁
3540,566373,이채은
3541,1044943,Yoon Seong-ho
3542,1627265,김새롬
3543,77063,민병천
3544,3451826,영케이
3545,1240217,왕빛나
3546,2370768,정재형
3547,85572,추성훈
3548,4311924,Danny Koo
3549,5929711,김윤이
3550,5603762,최은빈
3551,5900607,정지웅
3552,1042231,김유빈
3553,2139081,장동선
3554,6264441,김한결
3555,2474635,도경완
3556,3136813,백일두
3557,1794445,양정아
3558,87542,진재영
3559,1601721,기태영
3560,1996227,송승환
3561,1234602,최민용
3562,1248595,임호
3563,1235050,장영란
3564,3240392,가비
3565,2428264,손창우
3566,1146060,양진우
3567,2125963,Yoon Yong-hyeon
3568,2014470,로꼬
3569,1223133,채림
3570,2185176,Min Sun Hong
3571,1296052,Lee Jin-seong
3572,1302925,김청
3573,3864221,조나단 토나 욤비
3574,1376935,김제동
3575,1257896,황광희
3576,3696561,김원훈
3577,3323716,서동주
3578,5407381,추사랑
3579,2289357,야노 시호
3580,1744359,이찬혁
3581,96785,Lee Ji-hyeon
3582,6042426,꾹TV
3583,5142900,임태훈
3584,5146752,김민성
3585,5146754,데이비드 리
3586,3140527,한경훈
3587,3349028,임우일
3588,2045002,허솔지
3589,2340220,김나영
3590,1966742,승희
3591,5224665,박수지
3592,2475009,김풍
3593,4267031,궤도
3594,2139079,김상욱
3595,1464875,조민기
3596,553979,Jeong Seong-hwan
3597,4711309,이큰별
3598,1703374,손연재
3599,5872632,혜민스님
3600,5912750,하주안
3601,4818825,강철원
3602,4818830,송영관
3603,3356938,이명호
3604,3249162,Ko Bong Gi
3605,5100297,김도윤
3606,1047275,박정아
3607,87790,박준규
3608,5427911,Jang Hyung-il
3609,2221576,넉살
3610,5698295,Orkhonbayar Bayarsaikhan
3611,5911899,Baek Seon-hye
3612,1624550,Yang Mi-ra
3613,148413,Jeon Min-Joon
3614,3766172,Song Nayoung
3615,3766173,Lee Junil
3616,3766175,Park Jieun
3617,3766176,Jung Minhee
3618,3766168,Lee Sangheon
3619,3766170,Oh Yiseul
3620,553703,서동원
3621,2977307,오은영
3622,2989155,리정
3623,6003331,강민구
3624,3320532,임기학
3625,6003332,박정현
3626,6003335,박정은
3627,2141476,라비
3628,2986255,박찬호
3629,3174844,제이쓴
3630,6187921,Kwon Heejun
3631,4425705,Steven Kim
3632,2097344,텐
3633,2473288,양양
3634,3166307,오대규
3635,3469708,Dong-ho Lee
3636,3148798,박군
3637,6006280,계호스님
3638,5897647,선재스님
3639,6006205,적문스님
3640,6006207,대안스님
3641,6006210,우관스님
3642,2055108,Lee Jung-min
3643,3207758,차범근
3644,3205099,박지성
3645,6225235,법륜
3646,6273588,Ryu Ji-hwan
3647,547972,최윤영
3648,232018,심형탁
3649,5855051,나카타 히데토시
3650,3178590,이영표
3651,5855055,혼다 케이스케
3652,3206396,구자철
3653,1594550,타일러 라쉬
3654,1645593,배성재
3655,5679776,이원재
3656,1060560,Yeon Jun-seok
3657,1086446,강성민
3658,4657411,김희진
3659,4657406,김종연
3660,1875671,이미주
3661,2359930,이채연
3662,1620788,한혜진
3663,2822439,이찬원
3664,1307327,이지혜
3665,3786425,해원
3666,3277424,장성
3667,1113135,조미령
3668,3288804,Park min jung
3669,1588424,신윤주
3670,3706673,Kim Ga-yoon
3671,3706674,Ahn Young-hyun
3672,3706679,Kim Ye-gyeom
3673,3285944,Park Yong Jin
3674,1628212,김구라
3675,1627725,문희준
3676,4613760,미미미누
3677,3142491,홍신애
3678,1627784,Kim Tae-Kyun
3679,3296540,이다은
3680,1582061,아이코닉스
3681,3182316,Yeo Yoonmi
3682,3125355,김일중
3683,5947526,이오욱
3684,5947549,그윈 도라도
3685,5947573,김재민
3686,6041813,슬로울리
3687,5947585,서도
3688,3808516,임완호
3689,4940638,샘 올트먼
3690,2863108,유승우
3691,1989542,선우정아
3692,5815758,디폴
3693,3146116,유재환
3694,3148625,이말년
3695,2615617,육중완
3696,1530941,헨리
3697,1255268,빅토리아 송
3698,4620392,Ahn Yoon Jin
3699,5675892,Park Sae-dam
3700,2340192,김지민
3701,1695756,박수홍
3702,5890321,옐언니
3703,3353419,박기홍
3704,3353420,장경수
3705,3353422,이승희
3706,3219746,김이걸
3707,1971470,이상순
3708,5278220,김재원
3709,3387673,총몇명
3710,4320885,Kim Jang-ha
3711,4320886,Kim Ju-wan
3712,4320887,김현지
3713,3175353,ICONICS
3714,3897448,에그박사
3715,3897451,양박사
3716,3897452,웅박사
3717,3239062,Choi Ki-hwan
3718,3246909,장지영
3719,2979500,정브르
3720,3224670,Kim dae chang
