content_id,tag_id
1,1
1,2
1,3
1,4
1,5
1,6
1,7
1,8
1,9
1,10
1,11
1,12
1,13
1,14
1,15
1,16
2,17
2,18
2,19
2,20
2,21
3,22
3,23
3,24
3,25
3,26
3,27
3,1
3,28
3,29
3,30
3,31
3,32
3,33
3,34
3,35
3,36
3,37
3,38
3,39
3,40
3,41
3,42
3,43
3,44
3,45
3,46
3,47
3,48
3,49
3,12
3,50
3,51
3,52
3,53
3,54
4,55
4,56
4,57
4,58
4,59
4,60
4,61
4,62
4,63
4,64
4,65
4,66
4,67
4,68
4,69
4,70
4,71
4,72
4,73
4,74
4,75
4,76
4,77
4,78
4,79
5,80
5,81
5,82
5,83
5,84
5,85
5,86
5,87
5,88
5,89
5,90
5,91
5,37
5,92
5,93
5,45
5,94
5,95
5,96
5,12
5,97
6,56
6,1
6,98
6,90
6,99
6,100
6,9
6,101
6,102
6,103
7,104
7,105
7,106
7,107
7,108
8,109
8,110
8,111
8,12
8,112
8,113
8,114
8,115
8,116
8,117
8,118
8,119
8,120
8,121
8,122
8,123
8,124
8,125
8,126
8,127
9,128
9,59
9,35
9,129
9,130
9,131
10,132
10,133
10,134
10,135
10,136
10,137
10,138
10,139
10,140
10,141
10,142
10,143
10,144
10,145
10,146
10,147
10,148
10,149
10,150
10,151
10,152
10,153
10,154
10,155
10,156
10,157
10,158
10,159
10,160
10,161
10,162
11,163
11,164
11,165
11,166
11,167
11,168
11,169
11,170
11,171
11,172
11,173
11,174
11,175
11,176
11,177
11,178
11,179
11,180
12,181
12,182
12,183
12,184
12,185
12,186
12,187
12,188
12,189
12,190
12,191
12,192
12,193
12,13
12,194
12,195
12,97
12,196
12,197
12,198
12,199
12,200
12,201
12,202
12,203
12,204
12,205
13,206
13,35
13,91
13,207
13,92
13,208
13,209
13,210
13,12
13,211
13,212
13,213
13,214
14,215
14,216
14,217
14,218
15,219
15,220
15,221
16,222
16,223
16,88
16,224
16,12
17,225
17,226
17,84
17,227
17,85
17,228
17,86
17,229
17,230
17,231
17,232
17,233
17,234
17,235
17,236
17,237
17,238
17,12
17,239
18,240
18,241
18,242
18,243
18,244
18,245
18,246
18,247
18,248
18,249
18,250
19,56
19,59
19,221
20,251
20,252
20,253
20,254
20,255
20,256
20,257
20,258
20,259
20,170
20,260
20,261
20,262
20,74
20,263
20,264
21,140
21,265
21,106
21,266
21,238
21,12
22,267
22,56
22,98
22,245
22,191
22,268
22,269
22,270
22,271
22,272
22,273
22,274
22,275
22,276
22,277
22,278
23,22
23,279
23,280
23,281
23,282
23,283
23,284
23,285
23,286
23,8
23,48
23,15
23,287
23,288
23,103
23,289
23,179
24,290
24,291
24,292
24,293
24,294
24,220
24,221
25,295
25,55
25,296
25,297
25,241
25,298
25,299
25,300
25,301
25,302
25,303
25,304
25,232
25,305
25,306
25,7
25,307
25,308
25,309
25,310
25,186
25,190
25,311
25,312
25,13
25,313
25,314
25,15
25,315
25,316
26,56
26,148
26,317
26,318
26,319
26,320
26,321
27,322
27,323
27,324
27,146
27,325
27,326
27,327
27,328
27,329
28,330
28,331
28,332
28,333
28,248
28,334
29,142
29,335
29,336
29,329
29,15
30,337
30,338
30,148
30,339
30,266
30,340
30,341
30,342
30,343
30,12
30,344
31,80
31,345
31,346
31,347
31,348
32,349
32,350
32,351
33,352
33,353
33,354
33,355
33,356
34,357
34,35
34,358
34,359
34,360
34,361
34,362
34,363
34,364
34,365
35,366
35,367
35,368
35,369
35,370
35,65
35,371
35,372
35,373
35,374
36,375
36,376
36,377
36,88
36,378
36,379
36,95
36,380
36,381
36,382
36,12
36,383
37,28
37,35
37,90
37,384
37,385
37,386
38,387
38,352
38,206
38,388
38,86
38,389
38,390
38,88
38,391
38,91
38,6
38,392
38,393
38,394
38,395
38,396
38,15
38,264
38,213
39,322
39,323
39,324
39,146
39,325
39,326
39,328
39,371
39,329
40,397
40,398
40,259
40,399
40,400
40,401
40,402
41,403
41,404
41,405
41,406
41,407
41,371
41,408
42,215
42,409
42,35
42,410
42,411
43,240
43,23
43,80
43,412
43,345
43,138
43,413
43,414
43,35
43,415
43,416
43,417
43,187
43,45
43,418
43,419
43,420
43,421
43,422
44,423
44,424
44,425
44,426
44,90
44,244
44,427
44,392
44,428
44,429
44,430
44,431
44,432
44,433
44,434
44,435
45,436
45,56
45,242
45,98
45,246
45,437
46,438
46,352
46,439
46,35
46,429
46,440
46,12
46,441
47,442
47,443
47,444
47,445
47,238
48,446
48,447
48,448
48,449
48,450
49,182
49,451
49,452
49,453
49,113
49,454
50,455
50,456
50,457
50,458
50,459
50,460
50,461
50,462
51,56
51,230
51,463
51,464
51,465
51,466
51,467
51,468
51,469
51,470
51,471
51,472
51,473
51,474
52,475
52,476
52,74
52,477
53,478
53,479
53,480
53,481
53,88
53,482
53,483
53,484
53,21
53,15
53,485
54,486
54,487
54,488
54,489
55,286
55,490
55,491
55,492
55,493
55,221
55,494
56,23
56,495
56,97
56,103
57,496
57,497
57,498
57,499
57,500
57,21
57,113
58,501
58,143
58,452
58,393
58,502
59,503
59,504
60,366
60,55
60,302
60,505
60,130
61,506
61,507
61,86
61,508
61,509
61,510
61,511
61,512
61,238
61,513
61,514
61,515
61,516
62,517
62,84
62,391
62,148
62,452
62,518
62,519
62,520
62,342
62,521
62,522
63,523
63,524
63,479
63,1
63,525
63,526
63,88
63,527
63,528
63,529
63,530
63,531
63,113
63,532
63,15
64,533
64,447
64,534
64,535
64,536
64,45
64,537
65,206
65,538
65,98
65,91
65,539
65,540
65,541
65,542
65,264
66,543
66,267
66,110
66,544
66,545
66,342
66,12
66,113
66,546
66,547
67,140
67,142
67,146
67,148
67,317
67,340
67,344
67,329
67,15
68,548
68,549
68,88
68,550
68,551
68,552
68,553
68,554
68,555
68,556
69,557
69,84
69,376
69,558
69,559
69,90
69,560
69,561
69,562
69,563
69,67
69,537
69,15
70,487
70,488
70,564
71,80
71,56
71,352
72,565
73,566
73,567
73,88
73,568
73,569
73,570
73,571
73,572
73,573
73,221
73,574
73,575
74,130
74,576
75,366
75,59
75,98
75,577
75,578
75,579
75,580
75,581
75,576
75,582
76,80
76,583
76,584
76,585
76,586
76,95
76,484
76,12
76,113
76,114
76,485
77,215
77,55
77,587
77,588
77,241
77,589
77,590
77,591
77,426
78,592
78,106
78,221
80,593
80,84
80,594
80,85
80,595
80,534
80,495
80,596
80,12
80,597
80,103
82,604
82,605
82,606
82,607
82,608
82,609
82,510
82,452
82,610
82,611
82,245
82,612
82,613
82,614
82,238
82,12
82,615
83,616
83,617
84,618
84,35
84,266
84,8
84,619
84,221
85,56
85,620
85,98
85,91
85,621
85,392
85,234
85,622
85,47
85,623
86,17
86,624
86,625
86,498
86,21
87,626
87,584
87,88
87,627
87,628
87,629
87,630
87,248
87,631
87,113
87,114
88,146
88,632
88,633
88,329
89,417
90,80
90,345
90,634
90,635
90,65
90,362
90,522
90,636
91,637
91,337
91,638
91,88
91,248
91,639
91,113
92,486
92,640
92,641
92,642
92,431
93,447
94,643
94,644
94,143
94,645
94,646
94,647
94,648
94,649
94,650
94,651
95,80
95,652
95,35
95,653
95,654
95,655
95,537
95,114
95,383
96,656
96,583
96,584
96,585
96,586
96,657
96,658
96,114
96,659
97,215
97,533
97,534
97,660
97,327
97,45
97,661
97,97
97,199
98,98
98,662
98,196
98,365
98,663
100,667
100,668
100,669
100,670
100,671
100,672
100,673
100,674
100,675
101,299
101,676
101,677
101,12
101,678
102,679
102,680
102,681
102,238
103,682
103,683
103,684
103,685
103,686
104,329
105,687
105,688
105,689
105,690
105,494
105,691
105,692
105,693
105,694
106,695
106,696
106,97
107,35
107,91
109,703
109,452
109,704
109,12
109,15
110,352
110,705
110,706
111,707
111,708
112,709
112,710
112,293
112,711
112,712
112,713
112,221
112,714
112,715
112,716
113,447
113,717
113,34
113,232
113,35
113,718
113,370
113,719
113,12
113,218
113,720
114,404
114,405
114,406
115,572
115,221
116,572
116,221
116,574
116,575
117,721
117,722
117,723
117,724
117,725
118,726
118,95
118,15
118,485
119,727
119,728
119,729
119,35
119,730
119,731
119,502
119,732
119,733
120,240
120,447
120,734
120,735
120,736
120,11
121,446
121,737
121,572
121,70
121,476
121,74
122,738
123,59
123,221
124,739
126,745
126,98
126,746
126,534
126,747
126,748
126,749
126,750
126,751
127,752
127,753
127,754
127,140
127,755
127,756
127,757
127,758
128,759
128,500
128,760
128,21
128,113
128,761
130,497
130,88
130,407
130,573
130,762
130,763
130,764
130,502
130,21
131,765
131,367
131,248
132,766
132,767
132,768
132,769
133,253
133,770
133,489
133,329
135,771
135,772
135,773
135,90
135,774
135,775
135,621
136,83
136,84
136,776
136,777
136,778
136,354
136,779
136,780
136,781
136,12
136,576
137,337
137,782
137,148
137,452
137,783
138,479
138,784
138,785
138,786
139,787
139,788
139,148
139,789
139,790
139,683
139,791
139,107
141,267
141,56
141,792
141,98
141,327
141,245
141,246
141,662
141,434
141,793
141,421
141,794
142,56
142,795
142,796
142,367
142,760
142,112
142,113
142,761
143,56
143,797
143,645
143,91
143,798
143,799
143,800
143,801
144,84
144,327
144,537
144,97
144,802
144,198
145,106
145,777
146,803
146,804
146,805
147,806
147,86
147,807
148,686
149,679
149,681
150,106
151,808
151,809
151,248
151,502
152,727
152,810
153,586
153,544
153,114
153,811
154,812
154,813
154,228
154,814
154,815
154,74
154,816
154,817
154,818
155,56
155,434
156,819
156,820
156,679
156,35
156,681
156,821
156,400
157,423
157,83
157,822
157,335
157,823
157,369
157,452
157,824
157,245
157,825
157,826
157,238
157,12
158,345
158,827
158,828
158,829
158,545
158,830
158,831
158,832
158,833
159,267
159,345
159,98
159,427
159,834
159,835
159,836
160,135
160,837
160,838
160,839
161,447
161,479
161,15
162,840
162,841
162,842
162,843
162,844
162,845
163,35
163,846
163,74
164,436
164,80
164,847
164,584
164,586
164,848
164,90
164,849
164,850
164,113
165,85
165,851
165,106
165,544
165,354
165,852
165,113
165,114
168,344
168,565
169,860
169,83
169,84
169,478
169,861
169,776
169,658
169,12
170,645
170,862
171,240
171,863
171,864
171,865
171,367
171,98
171,670
171,866
171,867
171,724
171,868
172,869
172,870
172,654
172,871
172,872
172,873
172,874
172,875
172,876
172,877
172,878
172,879
172,880
172,881
172,882
172,883
173,240
173,56
173,884
173,885
173,65
173,886
173,372
173,887
173,373
173,888
173,889
174,890
174,718
174,891
175,892
175,248
175,893
175,894
175,401
175,895
175,896
175,897
176,56
176,241
176,819
176,898
176,899
176,900
176,901
176,684
177,902
177,105
177,903
177,792
177,904
177,255
177,151
177,905
177,906
177,907
177,724
177,401
177,546
178,908
178,327
178,909
179,788
179,910
179,36
179,911
179,912
179,15
179,288
180,913
180,914
180,915
180,916
180,917
180,539
181,84
181,910
181,86
181,400
181,918
181,919
181,920
182,56
182,88
182,493
182,221
182,921
182,922
182,494
182,923
183,924
183,925
183,329
184,926
184,387
184,55
184,927
184,59
184,928
184,929
184,708
185,930
185,253
185,304
185,8
185,906
185,67
185,655
185,931
185,932
185,194
185,933
185,802
185,264
185,934
185,935
185,936
185,937
185,897
185,938
185,939
185,940
185,79
185,202
185,204
186,240
186,297
186,941
186,942
186,943
186,944
186,945
186,38
186,946
186,947
186,948
186,949
186,522
186,597
188,84
188,447
188,950
188,951
188,95
188,952
188,238
188,12
189,424
189,56
189,953
189,910
189,606
189,954
189,955
189,956
189,957
189,958
190,84
190,959
190,447
190,960
190,961
190,90
190,657
190,776
190,962
191,238
193,17
193,497
193,963
193,964
193,965
193,238
193,12
194,150
194,249
195,966
195,967
195,21
195,113
196,968
196,35
196,657
196,151
198,637
198,352
198,974
198,88
198,975
198,705
198,706
198,631
198,114
199,976
199,352
199,977
199,978
199,406
199,979
199,35
199,980
199,37
199,981
199,982
199,983
199,984
199,985
199,986
200,254
200,987
201,988
201,246
202,989
202,377
202,378
202,990
202,379
202,973
202,991
202,95
202,382
202,12
202,15
203,85
203,389
203,35
203,992
203,993
203,224
203,994
205,998
205,266
205,999
205,15
206,1000
206,1001
206,1002
206,1003
206,248
206,238
208,1004
208,584
208,586
208,544
208,113
208,114
209,59
209,292
209,221
209,1005
210,1006
210,1007
210,584
210,586
210,1008
210,1009
210,544
210,1010
210,362
210,21
210,113
211,478
211,584
211,146
211,327
211,991
211,113
211,329
212,85
212,86
212,1011
213,98
213,1012
214,148
214,452
214,1013
214,1014
214,1015
214,1016
214,1017
214,12
215,88
215,1018
216,85
216,586
217,1019
217,140
217,448
217,327
217,1020
217,655
217,1021
217,1022
217,1023
217,802
217,1024
218,1025
218,98
218,238
219,583
219,584
219,737
219,567
219,88
219,476
219,1026
219,922
219,74
219,1027
219,1028
219,1029
219,1030
220,1031
220,479
220,1032
220,1033
220,450
220,1034
220,1035
220,1036
220,1037
221,899
221,1038
221,232
221,1039
221,1040
222,23
222,584
222,760
222,113
223,544
223,1041
223,114
224,424
224,56
224,1042
224,1043
224,948
224,522
225,1031
225,1044
226,56
227,56
227,1045
227,925
227,1046
227,362
227,1047
227,1048
227,1049
227,97
227,196
227,197
227,103
228,352
230,23
230,1050
230,1051
230,1052
230,1053
231,497
231,1054
231,1055
231,21
231,12
231,112
232,393
232,1056
232,1057
233,221
233,408
234,604
234,295
234,822
234,1058
234,148
234,452
234,824
234,1059
234,1060
234,1061
234,1062
234,12
234,15
235,266
235,1063
235,493
235,221
235,690
235,921
236,1064
236,1065
236,663
237,366
237,605
237,1066
237,1067
237,232
237,1068
237,36
237,1069
237,1070
238,367
238,1071
238,95
239,1072
239,1073
239,1074
239,254
239,1013
239,1075
239,210
239,1076
239,329
239,15
240,446
240,1077
240,1078
240,56
240,478
240,1079
240,479
240,1080
240,1081
240,88
240,990
240,1082
240,484
240,1083
240,12
241,1084
243,253
243,668
244,266
244,996
244,1085
244,1086
244,1087
245,1088
245,1089
245,1090
245,1091
245,367
245,38
245,1092
245,1093
247,558
247,1094
247,238
248,1095
248,1096
248,98
249,85
250,745
250,1097
250,1098
250,479
250,727
250,88
250,1099
250,776
250,1100
250,630
250,95
250,238
250,1101
252,1105
252,720
252,15
252,1106
253,478
253,1107
253,1108
253,1109
253,219
253,293
253,1110
253,1111
253,835
253,1112
253,493
253,221
256,1113
257,480
257,1114
257,293
257,1115
257,220
257,221
257,1116
258,23
258,1117
258,105
258,253
258,90
258,668
258,807
258,1118
258,827
258,1119
259,1120
259,1121
259,1122
260,637
260,376
260,353
260,95
260,1123
261,56
261,584
261,737
261,619
261,70
261,476
261,74
263,423
263,222
263,1125
263,1126
263,1127
263,1128
263,1129
263,948
263,1130
263,1131
263,1132
263,1133
263,47
263,75
263,76
264,1134
264,584
264,480
264,1135
264,146
264,1136
264,1137
264,1138
264,500
264,1139
264,113
264,329
265,1140
265,84
265,85
265,86
265,90
265,1141
265,1142
266,848
266,943
266,1143
266,329
267,1144
267,1145
269,215
269,926
269,584
269,502
269,21
269,113
270,56
270,1146
270,1147
270,808
271,1148
271,88
271,1063
271,570
271,221
272,1035
272,1149
273,368
273,210
273,371
273,1150
274,106
274,544
274,114
275,80
275,1151
275,1152
275,957
275,1153
275,704
275,1154
276,592
276,1155
276,1156
277,253
277,397
277,1157
277,1158
277,1159
277,1160
278,1161
280,1089
280,15
281,93
281,15
282,146
282,1162
282,808
282,329
283,737
283,1163
283,572
283,476
283,221
283,74
284,1164
284,478
284,447
284,1165
284,146
284,35
284,370
284,1166
284,660
284,45
284,12
284,329
285,925
286,84
286,12
286,1167
286,1168
286,1169
287,424
287,1170
287,1171
287,522
288,1172
288,1061
288,1062
289,1173
289,1174
289,452
289,520
289,1175
289,1176
289,12
289,288
290,98
290,1012
290,565
291,1177
291,1178
291,90
291,1179
291,1180
291,808
291,502
291,537
291,418
293,85
293,98
293,993
294,266
294,8
295,329
296,1181
296,1182
296,1183
296,1184
296,12
296,1185
296,1186
298,447
298,443
298,718
298,370
298,1166
299,8
299,1187
300,62
300,76
301,436
302,98
305,1170
305,377
305,1171
305,378
305,1188
305,1189
305,95
305,238
305,484
305,382
305,12
306,848
306,660
306,1190
307,59
307,487
308,478
308,658
308,238
309,98
309,1191
309,1192
309,1193
309,547
309,1194
309,1195
309,1196
309,1197
309,1198
309,1199
309,1200
309,1201
309,1202
309,1203
310,605
310,1204
310,1205
310,1206
312,1207
312,537
313,1208
313,1209
313,478
313,480
313,1210
313,573
313,1211
313,1139
313,484
313,113
313,329
314,566
314,497
314,573
316,98
317,215
317,61
317,1212
317,658
318,1213
318,1214
318,1215
318,1216
318,47
318,12
318,1217
319,1218
319,497
319,1219
319,89
319,113
320,240
320,55
320,679
320,910
320,1220
320,290
320,89
320,1221
320,1107
320,327
320,407
320,219
320,1222
320,221
320,373
320,1223
320,374
321,961
321,1224
321,1225
321,1226
321,661
322,1000
322,1227
322,961
322,35
322,416
322,948
322,47
322,522
322,1228
322,76
322,1229
324,98
325,1134
325,1230
325,755
325,1231
325,1137
325,500
325,1232
325,113
326,708
327,1233
327,518
327,131
327,1234
327,430
327,236
327,221
327,704
327,1235
328,1018
328,1236
329,1237
329,1238
329,1239
329,1240
329,1241
330,1242
330,1243
331,358
331,1244
331,1245
332,1246
332,1233
332,88
332,1247
332,219
332,1152
332,1248
332,1234
332,1249
332,221
332,704
332,922
332,1250
333,1251
333,1171
334,1252
334,1253
334,1254
334,531
335,576
336,436
336,1255
336,1256
336,1257
336,1258
336,167
336,1259
336,1260
339,1261
339,217
339,1262
339,1263
339,576
340,1264
340,487
340,393
341,240
341,447
341,370
341,238
342,479
342,1265
342,1266
342,15
343,1267
343,914
343,1268
343,670
343,1269
343,1270
345,136
345,1271
345,1272
345,1038
345,230
345,246
345,65
345,1273
345,1274
345,1275
345,522
345,76
346,660
346,1276
347,132
347,487
347,1277
348,553
348,77
349,1278
350,330
350,1279
350,238
351,1280
351,1009
351,1281
351,15
356,240
356,1282
356,1283
356,497
356,369
356,498
356,719
356,1284
356,1285
356,21
356,113
357,15
358,587
358,1171
358,1286
358,1287
358,392
358,1288
358,1191
358,1289
358,1290
358,1291
358,1292
358,1293
358,47
358,1294
358,802
359,969
359,85
359,1295
359,1119
359,1191
359,1296
359,948
360,606
360,230
360,1297
360,518
360,1190
360,1298
360,130
360,948
362,90
362,91
362,1299
362,1300
362,238
362,1301
365,215
365,679
365,447
365,1302
365,35
365,90
365,1303
365,1304
365,1018
365,1236
367,930
367,1305
367,1306
367,327
367,129
367,429
367,1307
367,384
368,478
368,1308
368,1138
368,760
368,112
368,113
369,1309
369,1310
369,88
369,1311
369,1312
369,1313
370,1314
370,871
371,1054
371,1315
374,1316
374,221
375,1164
375,584
375,86
375,93
375,1317
375,113
376,242
376,1318
376,1190
376,707
376,1319
376,1320
376,248
376,76
376,15
377,1321
377,720
377,1322
377,786
379,47
380,1323
380,221
380,1324
380,1325
381,1326
381,1327
381,1328
381,1329
382,352
382,1330
382,1331
382,98
382,1332
383,1333
383,1230
383,1334
383,192
383,500
383,21
384,405
384,238
385,56
385,238
387,1335
387,405
387,90
387,1286
387,957
387,1336
387,1337
388,88
388,948
389,84
389,58
389,1338
390,22
390,1339
392,83
392,1340
392,1341
392,443
392,1342
392,327
392,1343
392,484
392,1344
392,1345
392,1346
394,586
394,1347
394,114
395,487
395,1348
395,15
396,88
396,1349
396,1350
396,238
396,1351
397,1352
397,1353
397,248
397,12
397,15
398,343
399,221
400,91
400,1182
400,171
400,177
400,489
400,1354
402,1140
402,1355
403,389
403,35
403,657
403,1356
403,1357
404,1358
405,1359
405,1080
405,1321
405,1347
405,1360
405,1361
407,1362
407,90
407,91
407,1363
407,1364
408,379
408,95
408,380
408,381
408,382
409,1365
410,215
410,240
410,1366
410,409
410,1367
410,245
410,522
411,215
411,1204
411,948
412,487
412,1368
413,56
413,86
413,534
413,495
413,1369
415,1370
415,1371
415,964
415,1372
415,1373
415,948
415,1374
416,846
416,1375
416,1376
416,1377
416,1378
416,1021
418,487
419,1379
420,720
421,957
421,948
422,1380
423,240
423,98
423,1381
423,234
423,1382
426,90
427,1246
427,28
427,90
427,1383
427,1384
427,1385
428,238
429,840
429,948
429,651
431,734
431,1386
431,1387
432,240
432,74
433,926
433,1388
433,85
433,86
433,1389
433,221
435,1390
435,88
435,1391
435,1392
435,1393
435,1394
435,1347
435,1395
435,248
435,12
435,15
437,304
437,1349
437,1396
437,1304
437,1397
437,1398
437,190
437,419
437,202
437,214
440,1399
440,1400
440,1401
440,1402
440,1403
440,1404
440,1405
440,221
440,1406
441,1407
441,245
441,1321
441,704
441,47
441,1408
442,708
444,1414
444,221
444,1415
445,85
445,950
445,65
445,733
446,1416
446,367
447,88
447,1060
448,1417
448,56
448,114
449,1000
449,478
449,1001
449,1002
449,1418
449,484
449,12
449,1344
450,1255
450,1419
450,376
450,1420
450,487
450,1421
450,1422
450,1423
450,170
450,1424
450,488
450,1425
450,489
450,329
450,1426
451,1427
451,1428
452,146
452,35
452,380
452,381
452,484
452,329
452,485
453,1429
453,290
453,572
453,221
454,497
454,21
455,85
458,447
458,479
458,8
458,384
459,353
459,1430
459,814
459,1431
459,1432
460,1433
461,221
462,1434
462,658
462,1435
463,1436
463,1000
463,1437
464,221
467,56
467,1438
467,1439
467,948
467,1440
468,1441
468,492
468,1442
469,240
469,80
469,941
469,1443
469,232
469,444
471,352
471,88
471,238
472,1444
472,1445
472,1446
472,1439
472,1447
472,384
472,344
472,1448
473,447
474,56
474,35
474,1449
474,1450
475,1451
475,484
475,382
475,1083
475,15
476,1264
476,393
476,1452
476,1453
476,720
477,436
477,242
477,1319
477,75
477,76
477,1454
478,1134
478,584
478,1438
478,1009
478,544
478,1455
478,12
478,114
479,1456
480,914
480,737
480,1457
480,476
480,1458
480,74
481,948
483,1459
483,1460
483,1461
483,1462
483,1463
483,1464
483,1454
483,15
485,56
485,88
485,1465
485,1466
486,606
486,865
486,1422
486,1319
486,1467
486,1428
486,1468
486,1351
486,75
486,76
486,1469
486,1470
487,572
487,221
487,21
487,113
487,574
489,1471
489,1472
489,779
490,1473
491,352
491,1474
491,416
491,635
491,537
492,462
494,56
494,948
495,80
495,480
495,286
495,368
495,90
495,37
495,219
495,110
495,492
495,1248
495,1475
495,221
496,90
497,221
497,1387
498,1476
498,367
498,710
498,1477
498,1478
498,1479
499,1480
499,773
499,1248
499,1063
499,221
500,1170
500,479
500,1171
500,484
501,1379
502,1481
502,1482
502,1483
502,567
502,221
503,85
503,221
504,814
504,1484
504,15
505,738
506,88
506,1485
506,1486
506,1487
506,74
506,1488
507,85
507,1166
507,570
507,221
507,690
507,329
508,1000
508,478
508,1001
508,1489
508,98
508,1002
508,1490
508,1491
508,948
508,1492
509,146
509,1493
509,1494
509,329
510,450
510,1495
511,1496
511,86
511,324
511,34
511,98
511,658
511,1497
511,821
511,1065
513,1498
514,146
514,329
515,708
517,221
518,1500
518,1501
521,1502
522,737
522,409
522,476
522,74
527,1503
529,1504
530,914
530,221
530,1325
530,1505
531,85
531,221
532,996
533,146
533,329
535,238
536,1506
536,988
537,1507
537,1508
537,146
537,65
537,1386
537,372
537,373
538,1019
538,1509
538,1510
538,1511
538,1512
541,1237
541,1238
541,1517
541,1241
543,1518
543,281
543,1519
543,1520
543,12
546,447
546,370
546,1394
546,1521
547,1146
547,1522
547,1523
548,1170
548,1171
548,658
550,56
550,963
550,1524
550,1525
550,1526
551,45
552,1527
552,1528
552,1529
552,1530
552,1531
552,1532
555,1000
555,478
555,861
555,1437
555,15
556,446
556,1
556,88
556,1533
556,1082
556,484
556,1083
559,1544
559,306
559,1152
559,65
559,1545
559,1546
560,1547
560,720
561,771
561,1548
561,1549
562,56
563,478
563,979
563,1550
563,484
563,1551
564,426
565,1552
565,1553
565,367
565,740
565,232
565,1554
565,1555
565,1556
565,576
566,584
566,5
567,84
567,447
567,86
567,1557
567,35
567,657
567,1462
567,1338
567,1299
567,1558
567,1559
568,1396
569,548
569,1560
569,1561
569,12
569,112
569,113
570,221
570,494
570,1325
572,1417
572,1562
572,91
573,8
573,245
573,1563
575,1564
575,1332
576,1565
576,1566
576,8
576,1152
576,1498
577,255
579,1567
580,703
580,1568
580,551
580,578
580,1569
581,1170
581,737
581,1510
581,815
581,476
581,74
582,139
582,1570
582,1331
584,1571
585,88
585,324
586,85
586,735
586,1572
586,1573
587,1574
587,765
588,1575
589,84
589,1576
589,1577
589,905
589,1578
589,1579
591,522
592,1580
592,369
592,1581
592,8
592,1468
593,502
594,1582
595,717
595,1583
596,447
596,255
596,238
597,15
598,238
599,1584
602,240
602,1585
602,242
602,1190
602,948
603,1586
604,1503
604,88
604,89
604,572
604,476
604,1026
604,74
604,1029
606,1587
606,12
607,1588
607,12
611,345
611,487
611,93
612,565
614,1404
614,221
615,1589
615,1590
615,74
617,1591
617,91
617,776
617,1592
617,95
617,238
617,1593
617,1594
617,1595
618,447
618,963
619,406
620,1596
620,1597
621,1339
621,1035
621,15
624,88
629,500
629,21
631,447
631,1598
631,8
632,1359
632,88
632,324
632,1599
632,248
632,1361
632,74
633,1600
633,478
633,1001
633,1489
633,106
633,1490
633,948
634,668
634,262
635,1601
635,722
635,727
635,1602
635,1603
635,238
636,1604
638,1605
640,85
640,1606
641,720
644,1170
644,1111
644,948
644,236
644,221
645,455
645,89
647,1339
647,1031
647,707
647,1607
649,221
650,146
650,1608
650,329
651,434
654,950
654,1609
657,240
657,969
657,448
657,358
657,1610
657,1611
657,1612
657,1613
657,1614
657,1473
657,373
658,447
658,106
658,1068
658,8
659,238
661,148
661,1615
661,1616
662,238
664,1410
664,15
665,1319
665,1617
665,248
665,1618
665,76
665,1619
666,1120
666,1620
667,75
670,1621
670,1622
670,1623
674,745
674,238
675,241
675,1624
675,1625
677,215
681,447
681,1506
681,8
682,62
682,1319
682,76
684,1626
684,148
684,1627
684,1628
684,1629
685,948
685,483
688,221
690,56
690,1630
694,1255
694,1631
694,635
694,1632
694,1633
694,1634
694,1635
694,522
694,1636
694,1637
694,1638
694,1639
695,424
695,1640
697,1641
702,948
705,113
708,1643
712,1379
716,170
716,262
718,21
719,1170
719,1496
719,1339
719,1644
720,548
720,948
724,56
724,1645
724,1646
724,1647
731,445
731,502
732,84
735,1648
735,999
736,1649
736,1650
737,74
739,253
739,906
739,1547
739,720
741,238
746,1651
746,221
746,1652
746,1653
747,1654
747,1655
747,1582
751,720
751,786
754,1486
754,74
754,725
756,447
756,8
757,448
757,737
757,1656
757,567
757,88
757,1403
757,37
757,1486
757,1657
757,476
757,74
757,1658
758,690
758,691
758,694
758,1659
758,1660
759,1661
759,1662
759,1663
759,1664
759,510
759,1665
763,720
764,1031
764,1670
764,1671
764,720
764,1672
766,1673
766,948
768,1160
770,222
771,679
775,367
778,913
778,149
782,56
782,1674
783,171
783,489
784,1675
784,1676
785,1677
785,1678
786,85
786,1679
788,1333
788,21
789,1680
789,42
789,1158
790,1681
792,1682
792,349
792,350
793,56
797,1683
799,1648
799,1684
800,1417
800,1434
800,484
802,135
802,941
802,509
802,1685
803,65
803,76
803,1686
804,65
804,1618
806,1687
809,56
809,522
811,65
812,445
813,1
814,1689
814,1690
814,1124
816,572
816,574
817,1691
818,1547
820,1692
821,1000
821,1341
821,478
821,1533
821,484
826,760
829,238
830,511
830,1693
834,255
835,1048
835,1049
837,1459
837,1694
838,697
838,664
838,1068
838,1695
838,1696
838,349
838,666
838,1642
839,532
840,1697
842,522
842,1693
844,1135
844,21
852,1272
853,1001
853,484
853,12
857,1470
858,697
858,1695
858,1696
858,349
858,1642
859,1693
861,1699
863,697
863,664
863,1695
863,1696
863,349
863,1642
866,1700
871,15
878,734
878,1103
878,1701
878,330
878,367
878,658
878,1702
878,1703
878,1704
878,1705
878,1706
879,1689
879,656
879,1707
879,1708
879,1709
880,148
880,1710
880,383
881,1711
881,1712
881,1713
881,1001
881,848
881,1714
881,1396
881,1504
881,3
881,1237
881,707
881,1715
881,1716
881,1717
881,1143
881,1718
881,655
881,1719
881,1720
881,329
881,1721
882,86
882,98
882,330
882,170
882,1012
882,1722
882,1629
882,1579
884,448
884,240
884,848
884,660
884,327
884,1422
884,1727
884,329
884,1728
884,1729
884,833
884,1730
885,697
885,349
885,350
885,1731
886,1732
886,1733
886,148
886,1734
886,1735
886,1707
886,1736
886,1616
886,1684
887,584
887,586
887,1737
887,611
887,1738
887,329
887,802
887,1721
888,734
888,1527
888,327
888,808
888,1386
888,1727
888,400
888,329
888,1684
888,320
889,1739
889,1740
889,1155
889,1741
889,685
889,329
889,1048
889,1049
889,319
889,1721
889,1742
889,1743
890,1709
890,1744
890,1745
890,1746
891,375
891,960
891,1732
891,86
891,1747
891,35
891,1748
891,1749
891,329
891,213
892,1656
892,367
892,510
892,1277
892,246
892,720
892,1040
892,197
892,103
893,86
893,1750
893,240
893,478
893,35
893,370
893,1751
893,870
893,1752
893,1753
893,400
893,1754
893,1629
893,1755
893,1579
893,1756
893,1757
893,1758
893,1759
893,1706
893,1760
893,1761
893,1762
894,997
894,1763
896,969
896,1764
896,222
896,1765
896,863
896,1766
896,55
896,1767
896,1340
896,267
896,1768
896,352
896,1429
896,1769
896,1770
896,1771
896,1772
896,1214
896,1773
896,1506
896,240
896,105
896,322
896,436
896,1774
896,35
896,90
896,367
896,34
896,1107
896,36
896,510
896,369
896,1775
896,1247
896,416
896,326
896,1272
896,358
896,327
896,407
896,769
896,988
896,1286
896,219
896,503
896,1110
896,827
896,1776
896,1119
896,1777
896,1446
896,1778
896,245
896,246
896,170
896,1779
896,1780
896,1781
896,1782
896,1317
896,1783
896,1784
896,1785
896,1786
896,1787
896,1788
896,1719
896,1789
896,1790
896,1791
896,1792
896,522
896,1593
896,371
896,1793
896,108
896,1686
896,1794
896,1795
896,1722
896,1796
896,1797
896,1798
896,1799
896,1754
896,1800
896,918
896,1801
896,1802
896,1803
897,436
897,848
897,146
897,148
897,242
897,317
897,266
897,342
897,329
897,1804
898,1805
898,240
898,1806
898,1807
898,1808
898,1809
898,1810
898,1811
898,1812
898,1813
899,412
899,1814
899,1213
899,1815
899,318
899,1816
899,1817
899,1818
900,1819
900,436
900,367
900,1820
900,1821
900,1317
900,1822
900,329
900,1065
900,1823
902,280
902,1824
902,389
902,148
902,317
902,1787
902,1825
902,96
902,1826
902,344
902,401
902,329
902,1730
903,1459
903,1824
903,1827
903,367
903,944
903,1462
903,518
903,1603
903,1828
903,1829
903,1830
903,1831
903,1832
903,1795
903,1833
903,1834
903,1835
903,1836
903,1837
903,1838
904,330
904,367
904,1815
904,670
904,522
904,1839
904,1469
904,334
904,918
904,77
905,848
905,88
905,35
905,1396
905,1815
905,1840
905,1422
905,1718
905,655
905,1593
905,401
905,465
905,1841
905,1842
905,214
906,105
906,1107
906,219
906,1843
906,170
906,399
906,619
906,1028
906,1065
906,1804
906,214
906,1844
907,23
907,80
907,412
907,1845
907,1732
907,908
907,105
907,232
907,367
907,1846
907,407
907,1847
907,738
907,1848
907,1849
907,1317
907,1850
907,1851
907,1852
908,1853
908,86
908,84
908,105
908,98
908,91
908,1427
908,1012
908,160
910,1251
910,1854
910,1170
910,900
910,367
910,943
910,1171
910,1840
910,1855
910,1856
910,1857
910,1718
910,47
910,1858
910,1795
910,1799
910,1859
910,77
912,1860
912,105
912,322
912,146
912,397
912,326
912,769
912,1843
912,1861
912,329
912,402
912,1729
913,604
913,84
913,1723
913,1862
913,1863
913,1462
913,756
913,1060
913,1726
913,997
913,1864
914,1863
914,1865
915,240
915,664
915,1462
915,518
915,843
915,1866
915,1867
915,1868
916,367
916,943
916,1
916,1869
916,257
916,1870
916,1871
916,1447
916,193
916,576
916,1872
917,83
917,1
917,444
917,1171
917,1873
917,576
917,197
918,1339
918,89
918,1874
918,1627
918,1875
918,802
918,1684
918,1876
918,1877
918,1878
919,56
919,1824
919,330
919,367
919,1444
919,1879
919,676
919,327
919,827
919,1828
919,901
919,1880
919,1881
919,329
919,576
919,1721
920,241
920,584
920,60
920,367
920,1882
920,1775
920,498
920,1883
920,1884
920,1781
920,1885
920,1886
920,112
920,113
920,576
921,405
921,1887
921,367
921,327
921,1888
921,1093
921,1889
921,1890
923,55
923,367
923,1806
923,1709
923,1808
923,1809
924,230
924,367
924,1190
924,1673
924,1891
924,1892
924,1801
924,97
924,1893
926,105
926,330
926,367
926,398
926,1883
926,1792
926,108
926,1894
926,576
926,103
926,663
926,794
926,940
927,1895
927,1400
927,1896
927,1897
927,1898
927,1899
927,1900
927,1901
927,1723
927,1902
927,1903
927,1904
927,756
927,1905
927,1906
927,1907
927,1908
927,1909
927,997
927,1910
928,241
928,240
928,436
928,848
928,367
928,1504
928,1911
928,670
928,1785
928,1792
928,576
929,1912
929,105
929,1648
929,436
929,255
929,262
929,1913
929,1914
929,1150
929,724
929,1470
929,1804
929,1629
929,1684
929,179
929,1915
929,1916
931,241
931,1917
931,240
931,330
931,367
931,242
931,1504
931,327
931,1018
931,95
931,434
931,1799
931,15
931,334
931,1810
931,1918
931,1236
932,55
932,803
932,442
932,848
932,35
932,1258
932,370
932,510
932,1383
932,1919
932,15
933,533
933,1117
933,84
933,1920
933,35
933,90
933,1119
933,655
933,1586
933,907
933,401
933,933
933,1684
933,1921
934,1766
934,223
934,240
934,970
934,1776
934,1922
934,1923
934,1452
934,1320
934,1924
934,1925
934,1627
934,1926
934,1927
934,1801
934,1928
934,196
934,1929
934,1930
934,1931
934,1932
934,1933
934,1934
934,1935
934,1936
935,1518
935,900
935,330
935,367
935,1937
935,1938
935,1785
935,1939
935,1940
935,1722
935,576
935,462
936,405
936,1773
936,105
936,330
936,1258
936,367
936,1941
936,1942
936,1943
936,1447
936,221
936,1944
936,1722
936,1945
936,1894
936,1263
936,576
936,1946
936,1947
936,1948
936,1949
936,1950
936,1951
937,56
937,1474
937,1952
937,1953
937,367
937,1954
937,1828
937,901
937,1785
937,1794
937,334
937,576
938,1955
938,452
938,1956
938,1684
938,250
939,759
939,304
939,86
939,146
939,656
939,337
939,498
939,1957
939,1958
939,1959
939,1718
939,1960
939,907
939,21
939,1961
939,329
940,241
940,240
940,436
940,848
940,1774
940,367
940,1504
940,38
940,1962
940,1785
940,1963
940,1964
940,576
941,84
941,1965
942,88
942,1182
943,85
943,1966
943,1050
943,91
943,1967
943,329
943,546
944,1845
944,598
944,1233
944,146
944,1174
944,266
944,1063
944,1968
944,570
944,221
944,238
946,146
946,367
946,943
946,329
947,899
947,56
947,405
947,367
947,1969
947,1970
947,631
947,1971
947,1093
947,1972
947,1894
947,319
947,77
947,1872
947,1973
948,436
948,1707
948,1422
948,1974
948,1975
948,1804
948,1976
948,1977
948,936
948,1978
949,1979
949,1815
949,1980
949,1981
949,1065
950,1019
950,1390
950,98
950,1146
950,1982
950,1983
950,705
950,113
950,1984
951,330
951,67
951,662
951,935
951,1918
952,1125
952,1985
952,1986
952,330
952,367
952,1
952,168
952,1987
952,1988
952,327
952,1989
952,845
952,1922
952,1452
952,1990
952,1991
952,191
952,1992
952,1993
952,1799
952,1810
952,201
953,1994
953,1995
953,526
953,1996
953,1
953,3
953,1997
953,1484
953,8
953,1119
953,522
953,1998
953,1464
953,1801
953,250
953,1999
954,86
954,1815
954,1119
954,2000
954,384
954,329
954,103
954,2001
954,2002
954,383
955,2003
955,1648
955,2004
955,907
955,2005
955,329
955,802
955,1804
955,1684
955,2006
956,1444
956,2007
956,503
956,1452
956,1785
956,2008
956,2009
956,329
956,1448
957,2010
957,1503
957,1723
957,1726
957,997
958,56
958,405
958,330
958,1815
958,2011
958,2012
958,1625
958,221
958,192
958,193
958,597
958,97
959,1257
959,330
959,367
959,359
959,2013
959,362
960,83
960,85
960,772
960,86
960,478
960,84
960,1987
960,1171
960,827
960,658
960,1347
960,15
961,98
961,367
961,943
961,242
961,1452
961,2014
961,2015
961,1728
962,241
962,367
962,1396
962,2016
962,407
962,2017
962,1110
962,246
962,1180
962,1317
962,221
962,2018
962,1721
962,897
962,1223
963,900
963,943
963,1171
963,1980
963,1298
963,1855
963,2019
963,2020
964,297
964,330
964,367
964,944
964,208
964,2021
965,330
965,1828
966,280
966,148
966,1462
966,1486
966,2022
966,74
966,97
966,2023
968,840
968,593
968,2027
968,2028
968,346
968,2029
968,261
968,522
968,2030
968,2031
971,83
971,85
971,86
971,240
971,90
971,327
971,1594
971,2038
971,1450
972,148
972,317
972,266
972,2039
972,340
972,257
972,341
972,342
972,2040
972,1795
972,344
972,2041
973,241
973,105
973,367
973,660
973,327
973,670
973,1828
973,2029
973,1785
973,47
974,297
974,367
974,943
974,36
974,510
974,1452
974,2042
974,2043
974,1795
974,465
974,2044
975,85
975,2045
975,405
975,367
975,407
975,219
975,2046
975,2047
975,2048
975,1617
975,77
976,86
976,436
976,65
976,2049
976,1627
976,76
976,329
976,1684
976,1721
977,367
977,255
977,221
978,56
978,1827
978,1462
978,518
978,1980
978,1831
978,2050
978,1971
978,264
978,1833
978,1918
978,202
979,83
979,85
979,84
979,668
979,956
979,658
979,2051
979,2052
979,2053
979,383
980,2054
980,1824
980,2055
980,6
980,151
980,1317
980,2056
980,2057
980,1795
980,2058
981,56
981,1251
981,8
981,1119
981,372
981,1799
981,419
982,85
982,2059
982,2060
982,619
983,941
983,2011
983,2061
984,2062
984,327
984,1383
984,2063
984,1792
984,522
984,1794
984,1469
984,1755
985,1805
985,584
985,585
985,2059
985,2064
985,2065
985,2066
985,2067
986,1213
986,2068
986,329
986,2069
986,2070
987,1283
987,240
987,232
987,330
987,367
987,943
987,2071
987,2072
987,2073
987,1937
987,2074
987,2075
987,1839
987,617
987,334
987,663
988,787
988,752
988,2076
988,789
988,656
988,2077
988,2078
988,2079
988,1160
988,401
988,2080
988,2081
988,1684
989,1462
989,346
989,2082
989,2083
989,2084
990,241
990,56
990,2085
990,230
990,290
990,405
990,1233
990,478
990,1258
990,367
990,1107
990,510
990,369
990,407
990,219
990,293
990,1119
990,208
990,245
990,2086
990,870
990,1968
990,2087
990,1964
990,434
990,922
990,384
990,371
990,2088
990,937
991,352
991,2089
991,367
991,1937
991,1317
991,2090
991,1447
991,193
991,1040
991,1686
991,1722
991,401
991,2091
991,1803
991,1629
991,1684
991,2092
991,319
991,77
991,383
993,2093
993,367
993,242
993,2094
993,1792
993,1799
993,334
994,1815
994,450
994,95
994,2095
994,1925
994,2096
995,2097
996,86
996,436
996,90
996,367
996,1119
996,2098
996,333
996,2099
996,1627
996,1729
996,1802
996,1684
996,2100
997,405
997,1943
997,738
997,870
997,221
997,2101
997,2102
999,1474
999,436
999,1350
999,367
999,1012
999,2103
999,191
999,704
999,47
999,2104
999,77
999,421
999,940
1000,83
1000,85
1000,1824
1000,86
1000,84
1000,206
1000,90
1000,91
1000,1119
1000,2105
1000,434
1000,401
1000,547
1001,1766
1001,605
1001,926
1001,487
1001,943
1001,2106
1001,720
1001,1040
1001,1799
1001,465
1001,1470
1001,77
1002,1171
1002,1856
1002,662
1002,2107
1002,193
1002,2108
1003,1496
1003,87
1003,1750
1003,1170
1003,84
1003,1338
1003,2109
1003,2110
1003,362
1003,1524
1003,192
1003,419
1003,1526
1004,2111
1005,2112
1005,1661
1005,240
1005,330
1005,367
1005,968
1005,2113
1005,1857
1005,912
1005,2095
1005,2114
1005,1799
1005,554
1005,2115
1005,198
1006,105
1006,1171
1006,1855
1006,170
1006,1515
1006,724
1007,2116
1007,1747
1007,2117
1007,2118
1007,2119
1007,2120
1007,2121
1007,2122
1007,329
1007,2123
1008,969
1008,1335
1008,910
1008,322
1008,326
1008,1119
1008,2124
1008,2125
1008,329
1008,1276
1009,658
1009,21
1010,2126
1010,1773
1010,105
1010,367
1010,1911
1010,2127
1010,2128
1010,1789
1010,1913
1010,724
1010,2129
1010,2130
1011,2131
1011,1568
1011,105
1011,340
1011,619
1011,1913
1011,2132
1011,344
1011,2133
1011,1048
1011,1049
1012,1518
1012,367
1012,2134
1012,170
1012,2034
1012,1791
1012,15
1013,1709
1013,2135
1013,1809
1013,2136
1013,2137
1013,2138
1014,1102
1014,35
1014,1141
1016,240
1016,330
1016,367
1016,943
1016,670
1016,2139
1016,2140
1016,2141
1016,314
1016,334
1017,367
1017,407
1017,572
1017,476
1017,2142
1017,74
1017,1802
1018,330
1018,367
1018,1815
1018,1035
1019,1089
1019,330
1019,367
1019,1822
1019,2143
1019,1627
1019,329
1019,1728
1019,1729
1021,406
1021,38
1021,1804
1022,367
1022,1850
1022,2144
1022,77
1022,213
1022,663
1022,198
1023,1815
1023,2145
1023,581
1023,2146
1023,2147
1024,1459
1024,1462
1024,518
1024,1446
1024,845
1024,1922
1024,1452
1024,2148
1024,329
1024,197
1025,1766
1025,898
1025,1339
1025,240
1025,330
1025,1258
1025,367
1025,1396
1025,358
1025,518
1025,1980
1025,2149
1025,2150
1025,1452
1025,1722
1025,2151
1025,1799
1025,77
1025,2152
1026,2153
1026,2154
1026,1733
1026,656
1026,2155
1026,2156
1026,663
1026,2157
1027,697
1027,2158
1028,241
1028,1416
1028,367
1028,1775
1028,257
1028,2159
1028,246
1028,2160
1028,108
1028,2161
1029,215
1029,83
1029,1677
1029,403
1029,447
1029,1
1029,445
1029,1961
1029,2102
1030,85
1030,2162
1030,1709
1031,1171
1031,2163
1032,865
1032,1911
1032,8
1032,65
1032,1317
1032,1447
1032,576
1033,352
1033,2164
1033,1416
1033,330
1033,367
1033,1
1033,1815
1033,769
1033,2015
1033,858
1033,1872
1033,2165
1034,1711
1034,436
1034,1995
1034,330
1034,1258
1034,367
1034,1484
1034,1446
1034,1673
1034,1937
1034,77
1035,56
1035,367
1035,619
1035,221
1036,1140
1036,803
1036,98
1036,370
1036,2166
1036,518
1036,1033
1036,1298
1036,130
1037,1808
1037,2167
1037,2168
1037,2169
1038,215
1038,403
1038,240
1038,337
1038,1751
1038,2170
1039,2171
1039,827
1039,658
1039,2172
1039,237
1039,1792
1039,1594
1040,241
1040,1774
1040,2173
1040,367
1040,2174
1040,329
1041,1140
1041,1506
1041,1298
1042,2175
1042,2176
1042,367
1042,611
1042,2177
1042,704
1044,367
1044,254
1044,1171
1044,130
1044,2183
1044,1636
1044,264
1046,1805
1046,898
1046,2188
1046,240
1046,368
1046,367
1046,34
1046,242
1046,8
1046,1393
1046,1857
1046,248
1046,2189
1046,1488
1046,1971
1046,2190
1046,1802
1046,1810
1047,1874
1047,1684
1049,1140
1049,367
1049,683
1049,2191
1049,2192
1049,2193
1050,1766
1050,1140
1050,2150
1050,1452
1050,870
1050,1857
1050,1024
1051,2054
1051,1331
1051,367
1051,2194
1051,2195
1051,349
1051,193
1051,1040
1051,1972
1051,329
1051,1728
1052,1331
1052,90
1052,367
1052,406
1052,2196
1052,1781
1052,2029
1052,2197
1052,1789
1052,1791
1052,2198
1052,402
1052,1721
1053,85
1053,2199
1053,86
1053,206
1053,1443
1053,90
1053,367
1053,1987
1053,1317
1053,2200
1053,401
1053,1684
1055,367
1055,329
1055,1894
1055,2201
1056,2202
1056,2203
1056,329
1057,2063
1057,2204
1057,329
1058,1624
1058,2205
1058,146
1058,35
1058,367
1058,887
1058,12
1058,329
1058,15
1058,200
1058,2206
1059,724
1059,2207
1060,2208
1060,56
1060,86
1060,90
1060,948
1060,2140
1060,2209
1061,1331
1061,35
1061,2210
1061,1183
1061,2211
1061,2212
1061,2213
1061,1858
1061,401
1061,1065
1061,1684
1061,2214
1062,2215
1062,85
1062,330
1062,367
1062,943
1062,510
1062,91
1062,635
1062,495
1062,445
1062,1383
1062,434
1062,2216
1062,1629
1062,77
1063,367
1063,676
1063,1269
1063,2092
1064,865
1064,367
1064,2095
1064,465
1064,918
1065,56
1065,1815
1065,2217
1065,1684
1065,1921
1066,330
1066,367
1066,2129
1066,1894
1067,2218
1067,865
1067,1980
1067,2219
1067,332
1067,1704
1068,1805
1068,2059
1068,2220
1068,2221
1068,2222
1068,1809
1068,2223
1070,2224
1070,330
1070,367
1070,1673
1070,1347
1070,901
1070,1891
1070,522
1070,400
1070,334
1071,2225
1071,576
1071,316
1072,478
1072,1533
1072,98
1072,1166
1072,1455
1072,484
1072,2226
1073,241
1073,2227
1073,240
1073,436
1073,232
1073,1806
1073,2049
1073,329
1074,241
1074,1805
1074,753
1074,2227
1074,330
1074,243
1074,1911
1074,2228
1074,2210
1074,1857
1074,1322
1074,334
1074,2229
1074,77
1076,241
1076,448
1076,240
1076,1331
1076,367
1076,243
1076,2016
1076,327
1076,1367
1076,1748
1076,835
1076,349
1076,2230
1076,1964
1077,90
1077,1171
1077,2231
1077,2232
1077,1795
1077,1972
1079,1860
1079,844
1079,1452
1079,522
1079,1627
1079,2041
1080,1227
1080,1827
1080,1814
1080,2233
1080,1860
1080,961
1080,2234
1080,2235
1080,2236
1080,835
1080,655
1080,210
1080,348
1080,418
1080,401
1080,329
1080,195
1081,56
1081,35
1081,2237
1081,1869
1081,1497
1081,2238
1081,576
1082,1518
1082,1824
1082,1773
1082,330
1082,367
1082,1033
1082,246
1082,1673
1082,670
1082,1786
1082,2239
1082,2240
1082,2241
1082,329
1082,462
1082,77
1083,83
1083,86
1083,90
1083,827
1083,2242
1083,539
1083,1970
1083,907
1083,401
1083,1684
1083,213
1086,772
1086,436
1086,35
1086,367
1086,2243
1087,2244
1087,943
1087,510
1087,8
1087,257
1087,670
1087,2245
1087,2246
1087,434
1087,1040
1087,2247
1087,1704
1088,1591
1088,368
1088,327
1088,294
1088,870
1088,1063
1088,821
1088,221
1088,371
1089,412
1089,2248
1089,1814
1089,1213
1089,1120
1089,1817
1089,2249
1089,997
1089,1048
1089,1049
1089,2250
1089,2251
1089,2252
1090,941
1090,1624
1090,2253
1090,945
1090,2254
1090,2255
1090,597
1090,2256
1091,1824
1091,436
1091,367
1091,1396
1091,254
1091,393
1091,2257
1091,2258
1091,2259
1091,333
1091,2260
1091,329
1091,2261
1092,241
1092,139
1092,2205
1092,1506
1092,367
1092,676
1092,246
1092,1593
1092,2187
1092,465
1092,1801
1093,2262
1093,865
1093,240
1093,330
1093,367
1093,943
1093,2263
1093,2049
1093,2094
1093,1728
1093,918
1093,1629
1093,419
1093,197
1093,103
1093,663
1094,241
1094,969
1094,1765
1094,1205
1094,1339
1094,2027
1094,1819
1094,2264
1094,2265
1094,2205
1094,240
1094,1178
1094,510
1094,2266
1094,1527
1094,1013
1094,2267
1094,2268
1094,1670
1094,1608
1094,2269
1094,2270
1094,1119
1094,1821
1094,2271
1094,670
1094,1284
1094,2272
1094,1609
1094,2273
1094,2274
1094,2275
1094,1682
1094,1447
1094,2276
1094,2277
1094,2278
1094,2095
1094,2279
1094,2216
1094,1795
1094,1469
1094,2280
1094,1972
1094,1594
1094,1263
1094,868
1094,554
1094,1801
1094,2281
1095,1562
1095,35
1095,367
1095,327
1095,827
1095,2282
1095,1317
1095,2283
1095,1792
1095,1594
1095,2284
1096,367
1097,1233
1097,1107
1097,1
1097,407
1097,221
1097,1028
1099,1805
1099,83
1099,1677
1099,548
1099,664
1099,445
1099,2285
1099,400
1099,465
1100,105
1100,327
1100,518
1100,170
1100,2286
1100,1894
1101,576
1101,202
1102,738
1102,1422
1102,2287
1102,685
1102,2204
1102,329
1102,1049
1102,2288
1102,2289
1102,2290
1102,1721
1102,2291
1103,85
1103,55
1103,1565
1103,2265
1103,2292
1103,1815
1103,1676
1103,1883
1103,2293
1103,2294
1104,899
1104,2295
1104,2296
1104,1110
1104,221
1104,2092
1104,1852
1104,77
1105,57
1105,863
1105,367
1105,676
1105,2297
1105,1673
1105,1245
1105,2298
1105,1792
1105,1795
1105,1469
1105,2299
1105,918
1106,86
1106,330
1106,367
1106,1096
1106,1463
1106,2283
1106,47
1106,802
1106,1684
1106,462
1106,77
1106,103
1107,586
1107,240
1107,367
1107,327
1107,1286
1107,544
1107,1317
1108,436
1108,35
1108,367
1108,1815
1109,240
1109,367
1109,327
1109,219
1109,294
1109,1968
1109,221
1109,371
1110,296
1110,803
1110,240
1110,510
1110,1259
1110,1776
1110,1857
1110,1799
1110,329
1111,241
1111,367
1111,510
1111,2300
1111,738
1111,1785
1111,576
1111,794
1112,753
1112,2301
1112,232
1112,367
1112,2302
1112,2303
1113,1140
1113,1339
1113,35
1113,2304
1113,1806
1113,1815
1113,635
1113,2305
1113,67
1113,1870
1113,2306
1113,465
1113,663
1113,198
1114,548
1114,2307
1114,242
1114,1815
1114,1728
1114,2308
1115,86
1115,148
1115,1815
1115,1734
1115,6
1115,2241
1115,401
1115,329
1116,941
1116,2309
1116,1068
1116,945
1116,597
1117,148
1117,341
1118,367
1118,2102
1118,79
1119,2219
1120,241
1120,367
1120,243
1120,945
1120,327
1120,1673
1120,1452
1120,1872
1121,908
1121,367
1121,1012
1121,2310
1121,1794
1121,1065
1122,367
1122,407
1122,2159
1122,221
1123,267
1123,2093
1123,367
1123,1110
1123,2283
1123,221
1123,690
1124,1352
1124,2311
1124,367
1124,1879
1124,131
1125,1496
1125,558
1125,2312
1125,961
1125,98
1125,35
1125,2313
1125,2314
1125,2315
1125,871
1126,2316
1126,436
1126,1774
1126,367
1126,34
1126,242
1126,2317
1126,1776
1126,246
1126,437
1126,1452
1126,996
1126,2318
1126,2319
1127,1766
1127,2320
1127,405
1127,105
1127,1213
1127,367
1127,510
1127,1452
1127,1792
1127,108
1127,1627
1127,2321
1127,1894
1127,1629
1127,198
1127,940
1128,215
1128,98
1128,91
1128,996
1129,352
1129,367
1129,243
1129,1462
1129,1776
1129,1317
1129,1831
1129,821
1129,704
1129,760
1130,240
1130,436
1130,848
1130,1504
1130,1338
1130,2322
1130,1143
1130,724
1130,97
1131,85
1131,90
1131,2323
1131,2324
1131,827
1131,401
1132,56
1132,1815
1132,1803
1132,2325
1132,199
1134,35
1134,367
1134,827
1134,1831
1135,367
1136,1709
1136,2326
1137,240
1137,670
1138,98
1139,56
1139,367
1141,56
1141,2327
1141,239
1141,2328
1141,802
1141,1684
1142,745
1142,88
1142,1815
1142,1100
1142,2329
1142,2330
1143,367
1143,34
1143,2267
1143,1777
1143,2283
1143,1065
1143,868
1144,241
1144,1824
1144,105
1144,35
1144,367
1144,1171
1144,2331
1144,1673
1144,1792
1144,402
1145,2332
1145,2333
1145,1815
1145,2334
1145,94
1145,1187
1145,2335
1145,596
1145,47
1145,329
1145,933
1145,1629
1145,462
1145,935
1145,897
1145,2336
1145,204
1146,56
1146,367
1146,1286
1146,130
1146,329
1146,2337
1146,2338
1146,2339
1147,85
1147,2085
1147,105
1147,2340
1147,367
1147,2341
1147,262
1147,96
1147,402
1147,802
1147,1024
1148,367
1148,835
1148,2342
1148,1971
1148,1269
1148,2343
1148,2344
1149,56
1149,407
1149,293
1149,2087
1149,494
1149,371
1149,2345
1150,290
1150,583
1150,35
1150,1443
1150,367
1150,1107
1150,407
1150,219
1150,1110
1150,2346
1150,294
1150,1018
1150,1317
1150,870
1150,2283
1150,221
1150,1028
1150,465
1150,77
1151,230
1151,240
1151,35
1151,367
1151,676
1151,401
1151,15
1151,576
1152,330
1152,367
1152,1937
1152,1722
1153,330
1153,580
1153,319
1154,1805
1154,142
1154,140
1154,1815
1154,2347
1154,2348
1154,2287
1154,619
1154,2015
1154,2078
1154,907
1154,1727
1154,1961
1154,329
1156,241
1156,240
1156,330
1156,367
1156,243
1156,327
1156,901
1156,576
1157,2349
1157,1815
1157,630
1157,484
1157,2350
1158,1827
1158,1773
1158,322
1158,2351
1158,255
1158,1286
1158,8
1158,1776
1158,906
1158,170
1158,2352
1158,522
1159,1824
1159,367
1159,2353
1159,1423
1159,835
1159,1317
1159,1792
1159,465
1159,576
1160,85
1160,2060
1161,1739
1161,1898
1161,2354
1161,2126
1161,105
1161,367
1161,1781
1161,2210
1161,2094
1161,1789
1161,1791
1161,2129
1161,2130
1162,405
1162,98
1162,367
1162,243
1162,2355
1162,1943
1162,246
1162,1423
1162,619
1162,248
1162,1970
1162,1469
1162,1894
1162,1810
1162,1629
1162,1684
1164,2356
1164,2357
1165,241
1165,1429
1165,2045
1165,35
1165,90
1165,367
1165,243
1165,2358
1165,2359
1165,2283
1165,2360
1165,401
1166,548
1166,2263
1166,2361
1166,650
1166,2362
1166,1858
1166,2363
1167,367
1167,2364
1167,465
1167,2365
1168,679
1168,403
1168,35
1168,401
1169,478
1169,1774
1169,1414
1169,367
1169,1107
1169,407
1169,1012
1169,221
1170,1805
1170,1774
1170,367
1170,2071
1170,968
1170,1504
1170,1484
1170,8
1170,2366
1170,2143
1170,2367
1172,752
1172,405
1172,140
1172,86
1172,619
1172,192
1172,401
1172,1065
1173,56
1173,2368
1173,2369
1173,2370
1173,452
1173,386
1173,2371
1174,2372
1175,241
1175,105
1175,1443
1175,367
1175,465
1176,2059
1177,2373
1177,1954
1177,576
1178,753
1178,90
1178,91
1178,1446
1178,2374
1178,891
1178,1627
1178,2375
1179,241
1179,367
1179,945
1179,327
1179,1673
1179,2376
1180,83
1180,1140
1180,803
1180,90
1180,130
1180,1385
1180,401
1181,2377
1181,139
1181,2378
1181,367
1181,510
1181,2379
1181,580
1181,1792
1181,1799
1181,465
1181,1801
1181,1803
1181,2380
1181,77
1182,56
1182,367
1182,407
1182,2381
1182,221
1182,2015
1183,368
1183,367
1183,407
1183,1317
1183,1573
1183,2015
1183,1065
1183,2382
1183,1721
1184,572
1184,221
1185,105
1185,167
1185,1843
1185,1119
1185,1439
1185,170
1185,2119
1185,1558
1185,1704
1186,330
1186,243
1186,510
1186,1527
1186,8
1186,246
1186,2383
1186,1686
1186,2384
1186,77
1187,1824
1187,1310
1187,35
1187,61
1187,1171
1187,2385
1187,2386
1187,2387
1187,2388
1187,2020
1187,400
1187,2389
1187,2390
1188,241
1188,230
1188,330
1188,367
1188,246
1188,1792
1188,1964
1188,576
1188,1721
1189,1824
1189,367
1189,518
1189,827
1189,707
1189,2391
1189,2392
1189,1831
1190,1352
1190,327
1190,2393
1190,1018
1190,2394
1190,1638
1190,400
1190,329
1190,15
1190,1721
1190,1236
1191,367
1191,1728
1192,367
1192,1093
1192,1728
1193,367
1193,943
1193,2395
1193,2396
1194,146
1194,510
1194,1380
1194,8
1194,2063
1194,329
1194,933
1195,1979
1195,240
1195,436
1195,367
1195,943
1195,242
1195,2397
1195,1808
1195,1792
1195,1809
1195,1728
1196,240
1196,330
1196,367
1196,1815
1196,2278
1196,1469
1196,1728
1196,334
1196,77
1196,1872
1197,241
1197,2398
1197,2399
1197,367
1197,1484
1197,1365
1197,246
1197,1673
1197,1469
1197,2299
1197,2400
1198,1690
1198,2063
1199,296
1199,1773
1199,146
1199,2401
1199,2402
1199,2403
1199,2404
1199,329
1200,2377
1200,2405
1200,1258
1200,943
1200,510
1200,1462
1200,1776
1200,130
1200,2406
1200,2407
1200,1891
1200,2342
1200,2286
1200,1799
1200,2408
1201,643
1201,1066
1201,56
1201,136
1201,2409
1201,1283
1201,1452
1201,2410
1201,1810
1202,56
1202,900
1202,367
1203,267
1203,105
1203,330
1203,367
1203,827
1203,2411
1203,2310
1203,329
1203,402
1203,1810
1203,2223
1204,1711
1204,900
1204,367
1204,943
1204,1980
1204,1673
1204,1686
1204,465
1206,1824
1206,367
1206,34
1206,1444
1206,1286
1206,1119
1206,1452
1206,238
1206,465
1208,2085
1208,2412
1208,1824
1208,105
1208,367
1208,827
1208,170
1208,2413
1208,1794
1208,576
1209,56
1209,1205
1209,1438
1209,2414
1209,330
1209,2415
1209,367
1209,2416
1209,1828
1209,2379
1209,2417
1209,2418
1210,1503
1210,436
1210,146
1210,2419
1210,1527
1210,1627
1210,1875
1210,329
1210,465
1210,1728
1211,267
1211,304
1211,367
1211,131
1211,576
1212,241
1212,330
1212,367
1212,1911
1213,1213
1213,2420
1213,997
1213,1093
1213,1972
1213,1049
1214,2421
1214,1732
1214,84
1214,206
1214,146
1214,2422
1214,266
1214,327
1214,993
1214,495
1214,870
1214,2423
1214,329
1214,1594
1214,836
1215,1352
1215,1638
1215,329
1216,2424
1216,2425
1216,221
1217,1808
1218,367
1218,2426
1218,2427
1218,1794
1220,241
1220,367
1220,1190
1220,1380
1220,2011
1220,246
1220,1937
1220,2428
1220,1593
1220,686
1223,91
1223,306
1223,2159
1223,2012
1223,2429
1223,2430
1223,2423
1223,435
1224,56
1224,885
1224,367
1224,65
1224,886
1224,372
1224,373
1224,2044
1224,2431
1224,374
1225,2432
1225,1484
1225,2433
1225,1119
1225,1795
1226,900
1226,98
1226,676
1226,2241
1227,1773
1227,90
1227,367
1227,91
1227,670
1229,1506
1229,2434
1229,2435
1229,576
1230,1980
1231,56
1231,1979
1231,367
1231,988
1231,2436
1231,1673
1231,1317
1231,1785
1231,2040
1231,2437
1231,384
1231,329
1231,1801
1231,1803
1231,576
1232,220
1232,221
1232,1325
1232,1505
1233,2438
1233,55
1233,1050
1233,370
1233,1980
1233,2439
1233,2440
1233,2441
1233,2306
1233,401
1233,2442
1233,2443
1233,2444
1233,2445
1234,85
1234,2446
1234,86
1234,90
1234,2447
1234,925
1234,1938
1234,1594
1234,2448
1235,208
1235,213
1235,1918
1236,83
1236,443
1236,86
1236,1774
1236,1443
1236,1258
1236,367
1236,1171
1236,1869
1236,1856
1236,918
1237,98
1238,1171
1238,1298
1238,2019
1238,2449
1238,329
1238,868
1238,2102
1239,900
1239,1331
1239,98
1239,367
1239,2095
1239,2114
1239,15
1240,2450
1240,2451
1241,56
1241,1773
1242,83
1242,1496
1242,35
1242,2017
1242,827
1242,2210
1242,835
1242,434
1242,1464
1243,2452
1243,1773
1243,323
1243,2453
1244,1267
1244,2454
1244,2063
1245,367
1245,945
1245,2383
1245,2455
1246,436
1246,2456
1246,2457
1246,2458
1246,2459
1246,2460
1246,2461
1247,870
1247,221
1247,1228
1247,1858
1247,400
1248,1725
1248,1671
1250,1352
1250,900
1250,769
1250,1446
1250,2466
1250,2467
1250,2468
1250,2469
1250,1638
1250,576
1252,576
1253,1264
1253,393
1253,997
1253,1049
1254,1335
1254,1824
1254,367
1254,827
1254,246
1254,1452
1254,2470
1254,1792
1254,1093
1255,1483
1255,56
1255,2471
1255,240
1255,478
1255,1107
1255,1166
1255,2016
1255,503
1255,293
1255,1110
1255,221
1256,2208
1256,2185
1256,367
1256,810
1256,2472
1256,2210
1256,901
1256,870
1256,576
1257,241
1257,884
1257,240
1257,436
1257,243
1257,1775
1257,1815
1257,1943
1257,246
1257,1266
1257,1317
1257,2473
1257,1981
1257,886
1257,2474
1257,793
1257,1686
1257,1469
1257,329
1257,373
1257,1729
1257,833
1257,2475
1257,1575
1257,77
1257,1223
1257,2476
1258,23
1258,1221
1258,293
1258,1110
1258,690
1258,494
1258,691
1258,694
1259,367
1259,810
1259,1937
1259,2015
1259,553
1259,1753
1259,97
1259,319
1259,935
1259,203
1260,1352
1260,330
1260,367
1260,193
1260,933
1260,103
1262,1483
1262,442
1262,407
1262,131
1262,2477
1262,2478
1262,2182
1262,2479
1263,1335
1263,1140
1263,367
1263,369
1263,1775
1263,326
1263,1840
1263,769
1263,1286
1263,1380
1263,738
1263,1776
1263,1119
1263,1885
1263,2480
1264,2054
1264,227
1264,330
1264,367
1264,1806
1264,2481
1264,221
1264,1415
1264,2479
1264,2102
1264,197
1265,2482
1265,367
1265,1484
1265,2483
1265,1720
1265,1106
1265,2484
1265,419
1265,103
1268,1140
1268,1416
1268,2485
1268,510
1268,1298
1268,611
1268,1452
1268,2486
1270,85
1270,1261
1270,635
1270,1858
1270,400
1271,803
1271,1570
1271,86
1271,1001
1271,2490
1271,1870
1271,1228
1271,1796
1271,401
1272,86
1272,240
1272,367
1272,1527
1272,2263
1272,1110
1272,1317
1272,221
1272,400
1272,1065
1273,2205
1273,330
1273,367
1273,1
1273,510
1273,8
1273,131
1273,1937
1273,1785
1273,2383
1273,2384
1273,576
1273,77
1274,330
1274,1385
1275,1805
1275,2491
1275,240
1275,548
1275,1701
1275,330
1275,1258
1275,367
1275,943
1275,242
1275,2492
1275,495
1275,246
1275,670
1275,1857
1275,1799
1275,2493
1275,77
1275,2494
1275,2495
1276,35
1276,2496
1278,23
1278,1258
1278,367
1278,1110
1278,2497
1278,1721
1279,367
1279,38
1279,756
1279,2272
1280,478
1280,1968
1280,570
1280,221
1280,2498
1281,1140
1281,2499
1281,240
1281,2500
1281,487
1281,47
1281,1627
1282,405
1283,2501
1283,1205
1283,2502
1283,367
1283,2503
1283,2306
1285,56
1286,136
1286,98
1286,2504
1286,1883
1286,681
1286,246
1286,2505
1286,1274
1286,2506
1287,83
1287,85
1287,1966
1287,86
1287,84
1287,90
1287,738
1287,2507
1290,241
1290,367
1290,1446
1290,2283
1290,1627
1290,329
1290,419
1291,241
1291,436
1291,367
1291,242
1291,1504
1291,246
1291,2098
1291,2049
1291,1799
1291,1810
1291,77
1292,56
1292,330
1292,367
1292,370
1292,2508
1292,427
1292,2094
1292,2509
1292,1792
1292,1802
1294,506
1294,978
1295,2510
1295,330
1295,367
1296,424
1296,803
1296,1383
1296,1065
1297,487
1297,1348
1297,2511
1298,1805
1298,2512
1298,478
1298,1164
1298,900
1298,2020
1298,15
1298,2513
1298,2226
1298,2514
1299,771
1299,2515
1299,2301
1299,2516
1299,367
1299,2517
1299,2518
1299,2519
1300,2227
1300,1310
1300,61
1302,2520
1302,2521
1302,2522
1303,2126
1303,1119
1303,1791
1303,108
1305,797
1305,645
1305,367
1305,510
1305,246
1305,1719
1305,2283
1305,1790
1305,522
1305,2523
1306,56
1306,1390
1306,2264
1306,2524
1307,1766
1307,405
1307,240
1307,367
1307,968
1307,2355
1307,1775
1307,245
1308,1339
1308,367
1308,1171
1308,2433
1308,707
1308,1673
1308,1856
1308,1594
1308,465
1309,405
1309,90
1309,465
1310,267
1310,1443
1310,90
1310,327
1310,835
1310,870
1310,2020
1310,401
1310,1594
1311,367
1311,1107
1311,1048
1311,1049
1311,1894
1312,241
1312,85
1312,2525
1312,139
1312,98
1312,367
1312,1954
1312,47
1312,522
1312,1322
1312,2526
1314,1140
1314,86
1314,367
1314,676
1314,1497
1314,465
1315,1352
1315,900
1315,330
1315,367
1315,2394
1315,918
1315,576
1316,407
1316,690
1316,691
1317,56
1317,1845
1317,367
1317,254
1317,407
1317,1110
1317,221
1317,1594
1318,2137
1320,241
1320,242
1320,246
1320,670
1320,2527
1320,662
1320,2094
1320,1792
1320,1469
1321,2185
1321,2073
1321,1883
1321,1954
1321,1939
1321,1794
1321,576
1322,240
1322,1416
1322,367
1322,1396
1322,518
1322,918
1322,2528
1323,1827
1323,35
1323,367
1323,1338
1323,870
1323,1831
1323,1810
1323,802
1323,1684
1323,576
1323,2223
1325,1808
1326,2529
1326,442
1326,526
1326,98
1326,1171
1326,1855
1326,1856
1326,1858
1327,1496
1328,86
1328,90
1328,8
1328,47
1328,2327
1328,1627
1328,401
1328,1684
1328,320
1329,2530
1330,1506
1330,367
1330,1
1330,3
1330,2103
1330,1785
1330,1801
1330,576
1331,330
1332,290
1332,478
1332,2531
1332,1258
1332,1107
1332,369
1332,293
1332,1110
1332,221
1332,2532
1333,1659
1333,1660
1334,86
1334,240
1334,2533
1334,1815
1334,401
1336,803
1336,86
1336,657
1336,1815
1336,2534
1336,545
1336,401
1336,1065
1336,2535
1336,2536
1336,2537
1338,416
1338,1383
1338,1317
1338,401
1338,2538
1339,56
1339,367
1339,1275
1344,815
1344,74
1344,725
1345,240
1345,1462
1345,1922
1345,870
1345,1858
1345,401
1347,85
1347,35
1347,91
1347,2539
1349,899
1349,1506
1349,367
1349,988
1349,2540
1351,241
1351,766
1351,2541
1351,2542
1351,1396
1351,2543
1351,635
1351,2544
1351,2159
1351,2545
1351,1964
1351,2095
1352,56
1352,1310
1352,86
1352,658
1352,2546
1352,1858
1353,1483
1353,2085
1353,35
1353,1258
1353,370
1353,2547
1353,2548
1353,401
1354,330
1354,2549
1355,1140
1355,35
1355,367
1355,370
1355,1119
1355,2550
1355,1885
1355,2486
1355,868
1356,1205
1356,2551
1356,86
1356,1271
1356,2552
1358,241
1358,240
1358,90
1358,367
1358,465
1359,85
1359,56
1359,86
1359,1286
1359,2553
1359,2554
1359,1228
1359,401
1360,426
1361,1824
1361,367
1361,2555
1361,2016
1361,393
1361,1452
1361,662
1361,2556
1361,1722
1361,2102
1361,103
1362,83
1362,35
1362,676
1362,1980
1362,1780
1362,2557
1362,2038
1362,1684
1363,221
1363,371
1364,2558
1365,2559
1365,2560
1365,2561
1365,1376
1365,2562
1365,484
1365,112
1365,2514
1366,2433
1366,2563
1367,2564
1367,98
1367,1394
1367,2565
1368,243
1368,327
1368,2095
1368,1972
1373,357
1373,2265
1373,1773
1373,770
1373,367
1373,2566
1373,1060
1373,1885
1373,329
1373,2567
1373,2568
1374,861
1374,478
1374,1000
1374,676
1374,1002
1374,627
1374,1490
1374,870
1374,2557
1374,1497
1374,1228
1374,15
1374,576
1375,405
1375,367
1375,945
1375,407
1375,319
1376,56
1376,253
1376,436
1376,1396
1376,1504
1376,170
1376,2569
1376,2570
1376,12
1377,55
1377,367
1377,1806
1377,1777
1377,2073
1377,1152
1378,86
1378,1171
1378,3
1378,327
1378,658
1379,241
1379,367
1379,1796
1380,56
1380,330
1380,367
1380,407
1380,221
1384,367
1386,863
1386,405
1386,368
1386,367
1386,1166
1386,2572
1386,518
1386,219
1386,293
1386,294
1386,1831
1386,432
1386,2573
1386,371
1388,1172
1388,2574
1388,2575
1388,1068
1388,1708
1388,2576
1388,1709
1388,489
1389,734
1389,367
1389,61
1389,1527
1389,2577
1389,635
1389,1795
1390,478
1392,56
1397,1677
1397,445
1400,510
1400,1119
1400,465
1400,546
1401,971
1401,1783
1401,2578
1401,2579
1401,2580
1402,2213
1403,2063
1404,86
1404,1171
1404,1013
1404,2557
1404,2107
1406,2581
1406,900
1406,1980
1406,1298
1406,2582
1406,2583
1406,2584
1406,678
1406,2585
1407,298
1407,1740
1407,2586
1407,2587
1407,1773
1407,971
1407,2588
1407,1840
1407,358
1407,2589
1407,997
1407,1049
1407,2590
1407,1763
1407,2591
1407,2592
1408,1866
1408,2021
1410,1661
1410,367
1410,518
1410,1452
1410,2210
1410,805
1410,1885
1410,349
1410,1792
1410,350
1410,2286
1410,2593
1410,1093
1411,241
1411,243
1411,427
1411,246
1411,2299
1411,936
1412,297
1412,2594
1412,1299
1412,2595
1412,2596
1412,2597
1412,384
1413,135
1413,635
1413,2598
1413,522
1413,329
1415,241
1415,1140
1415,98
1415,243
1415,670
1415,1469
1416,2398
1416,1365
1416,1317
1416,2599
1416,2364
1417,2185
1417,2600
1417,1777
1417,2601
1417,870
1417,1797
1420,56
1420,405
1420,242
1420,1776
1420,2472
1420,1320
1420,704
1422,2356
1422,2357
1423,86
1423,1119
1423,957
1423,2406
1423,465
1424,367
1424,1110
1424,221
1424,1728
1424,2092
1426,1648
1426,807
1426,2602
1426,12
1426,2603
1426,250
1426,2604
1430,367
1431,2605
1431,1809
1432,241
1432,2606
1432,2502
1432,367
1432,2607
1434,1506
1434,232
1434,367
1434,1808
1434,1728
1435,544
1435,114
1436,86
1436,35
1436,2020
1437,1120
1439,1774
1439,367
1439,1980
1439,2610
1439,2019
1439,2584
1439,1794
1439,2020
1439,2408
1439,1872
1439,2611
1442,1140
1442,803
1442,370
1442,1298
1442,2612
1442,2613
1443,319
1445,230
1445,367
1445,627
1445,294
1445,630
1445,872
1445,1636
1446,405
1446,367
1446,1110
1446,1968
1446,221
1448,424
1448,56
1448,55
1448,442
1448,2614
1448,2615
1448,1183
1448,1065
1448,2616
1448,2617
1448,1684
1449,442
1449,240
1449,444
1449,2
1449,676
1449,2618
1449,246
1449,1781
1449,2619
1449,1053
1449,2620
1449,2621
1449,1228
1449,576
1450,367
1450,2622
1450,329
1450,2623
1450,2624
1452,367
1452,2625
1452,576
1453,1125
1453,367
1453,34
1453,2626
1453,1627
1453,465
1455,1785
1455,576
1456,797
1456,1474
1456,645
1456,2150
1456,1794
1456,2299
1457,2544
1457,1673
1457,2095
1458,330
1458,367
1458,1673
1458,2278
1458,2627
1458,329
1458,554
1459,105
1459,367
1459,1608
1459,738
1459,1937
1459,1609
1461,83
1461,442
1461,35
1461,367
1461,676
1461,1446
1461,2020
1463,968
1463,2628
1465,2629
1466,2432
1466,1171
1474,960
1474,2630
1474,367
1474,676
1474,2095
1474,465
1478,2631
1478,2632
1478,2633
1479,330
1479,367
1479,242
1479,1190
1479,2210
1479,2379
1481,56
1482,35
1482,370
1485,367
1485,15
1486,1954
1486,870
1486,1785
1486,576
1487,83
1487,35
1487,670
1487,2210
1487,870
1487,821
1487,2299
1487,465
1492,2634
1492,1733
1492,2635
1492,2636
1492,814
1492,1709
1492,2637
1492,2638
1492,2579
1493,349
1495,367
1495,2286
1496,676
1496,576
1498,367
1498,1808
1498,76
1499,367
1502,1221
1502,293
1502,1110
1502,493
1502,570
1502,221
1503,367
1503,427
1503,827
1503,1636
1503,2095
1504,1504
1504,707
1507,586
1507,86
1507,246
1507,1858
1507,918
1508,1140
1508,465
1510,1140
1510,267
1510,2639
1510,35
1510,367
1510,1171
1510,1141
1510,19
1510,1776
1510,2640
1510,2641
1510,504
1511,635
1511,2106
1511,2383
1513,1140
1513,139
1513,8
1513,1785
1513,2642
1513,465
1514,1068
1514,945
1514,2643
1515,330
1515,367
1515,2092
1515,1755
1516,442
1516,2644
1516,146
1516,35
1516,1550
1516,827
1521,1805
1521,2059
1521,2645
1521,2222
1521,2646
1521,1809
1521,2102
1523,367
1524,1805
1524,1367
1524,2647
1524,1642
1525,597
1527,2648
1527,240
1530,367
1530,2166
1532,2500
1539,2085
1539,243
1539,1119
1539,2649
1539,870
1543,350
1548,367
1552,367
1552,1504
1552,1728
1554,2632
1554,597
1554,2650
1555,330
1556,1474
1556,86
1556,240
1556,1497
1556,2341
1556,2651
1556,2299
1557,945
1558,945
1558,1425
1558,2652
1559,240
1559,436
1559,1894
1560,393
1562,2653
1564,240
1564,1585
1564,367
1564,1709
1564,1808
1564,2139
1564,1809
1566,2654
1566,2655
1569,2656
1569,2657
1569,1124
1569,349
1569,2658
1569,350
1569,2222
1571,2659
1571,2660
1571,945
1571,2521
1571,597
1574,2661
1574,2648
1574,2401
1574,2632
1574,597
1574,2662
1575,1068
1575,945
1576,2659
1576,1068
1576,945
1576,1709
1576,2663
1576,1865
1582,945
1582,2664
1582,2665
1582,2666
1583,1809
1585,1677
1587,2656
1587,2647
1587,2658
1592,2667
1592,2668
1595,1400
1595,945
1595,1275
1595,1561
1596,241
1596,370
1598,478
1598,1490
1598,484
1599,87
1599,90
1599,91
1599,1338
1599,1182
1599,631
1599,12
1620,2208
1620,135
1620,230
1620,510
1620,238
1624,945
1626,2670
1626,959
1626,1416
1626,367
1626,1274
1627,1068
1627,945
1634,2671
1635,2654
1636,367
1636,2672
1636,510
1636,1462
1636,1776
1637,22
1637,963
1637,266
1637,8
1637,47
1637,2673
1637,329
1637,1048
1637,1049
1637,1721
1647,367
1647,465
1648,2674
1649,697
1649,349
1649,2675
1655,225
1655,709
1655,925
1655,2676
1655,2677
1655,2678
1662,2632
1662,597
1664,1709
1664,349
1664,1809
1666,597
1672,497
1672,74
1672,1027
1675,2659
1675,1839
1675,2135
1675,2679
1680,1815
1680,2680
1681,1815
1681,2681
1685,2011
1695,902
1695,941
1695,1561
1696,1724
1696,2682
1696,2683
1696,2684
1696,997
1696,2685
1696,1049
1696,1516
1698,1068
1702,922
1704,1711
1704,946
1704,2686
1705,1456
1705,1068
1705,945
1705,2687
1705,2688
1705,2579
1705,2666
1705,2689
1708,2690
1714,2647
1714,1642
1715,2137
1725,922
1729,1093
1730,1400
1734,945
1752,1093
1753,492
1759,65
1759,76
1763,2446
1763,2692
1764,1503
1774,968
1776,1670
1802,2693
1816,1642
1818,1068
1818,945
1824,1677
1824,2694
1837,1093
1849,1367
